age,Gender,Lying,HH,Oaesa1,Corga2,Aforg1,Xsses1,Efear1,Hsinc1,Oinqu1,Cdili1,Agent4,Xsocb2,Eanxi1,Hfair1,Ocrea2,Cperf1,Aflex1,Xsoci2,Edepe3,Hgree2,Ounco2,Cprud2,Apati2,Xlive2,Esent1,Hmode2,Oaesa3,Corga3,Aforg3,Xsses3,Efear4,Hsinc4,Oinqu3,Cdili2,Agent5,Xsocb3,Eanxi4,Hfair4,Ocrea6,Cperf2,Aflex5,Xsoci3,Edepe6,Hgree4,Ounco5,Cprud3,Apati3,Xlive3,Esent2,Hmode3,Oaesa4,Corga6,Aforg7,Xsses5,Efear7,Hsinc5,Oinqu6,Cdili5,Agent6,Xsocb4,Eanxi6,Hfair6,Ocrea7,Cperf3,Aflex7,Xsoci5,Edepe7,Hgree5,Ounco6,Cprud4,Apati4,Xlive4,Esent3,Hmode6,Oaesa7,Corga8,Aforg8,Xsses8,Efear8,Hsinc6,Oinqu8,Cdili6,Agent7,Xsocb8,Eanxi8,Hfair8,Ocrea8,Cperf4,Aflex8,Xsoci6,Edepe8,Hgree7,Ounco8,Cprud8,Apati6,Xlive7,Esent7,Hmode8,Alt3,Alt4,Alt7,Alt8,PreFocus,PreLogic,PreOrg,PreSupport,PreMechanics,PostFocus,PostLogic,PostOrg,PostSupport,PostMechanics,emoti16,extra16,agree16,consc16,openn16,PreRate,PostRate,KIND1,TRUTH1,KIND2,TRUTH2,KIND,TRUTH
19,1,.2,3.6875,4,5,4,4,5,5,4,3,3,1,4,4,3,4,4,1,3,3,5,4,3,2,5,3,5,5,4,4,4,3,3,5,4,2,3,5,3,4,4,3,1,2,3,4,2,4,4,4,4,3,2,3,5,4,3,4,2,1,2,4,1,3,2,3,2,3,2,4,3,2,5,3,5,4,4,5,3,4,2,4,2,1,4,5,2,4,2,3,2,3,5,4,3,2,5,4,4,4,5,3,4,2,1,3,1,4,3,2,2,1,3.5625,2.5625,3,4,3.375,2.2,2.4,4,3,3,5,3.5,4
22,3,-.4,2.4375,4,2,2,3,3,1,5,4,3,5,4,1,3,5,1,4,5,1,5,2,2,2,2,5,4,3,1,4,4,1,2,4,2,4,5,4,4,4,1,5,4,3,4,2,1,2,4,2,4,1,1,4,2,2,2,4,2,5,2,2,5,3,1,4,4,3,4,2,1,2,4,4,3,2,1,1,3,1,1,4,2,3,5,1,5,2,1,4,4,4,5,2,1,3,3,4,4,3,2,3,3,1,2,3,2,1,1,3,2,2,3.625,3.4375,1.4375,2.875,3.75,2.2,1.8,3,5,2,5,2.5,5
20,1,-.4,2.625,4,4,3,2,4,2,3,5,3,4,5,1,1,4,3,4,5,1,4,1,3,4,4,5,5,5,4,4,1,2,3,2,5,4,4,2,2,4,5,5,2,2,5,2,2,2,4,3,3,2,1,1,2,2,3,2,3,5,5,2,5,5,1,2,5,4,3,2,3,2,5,5,5,1,2,1,4,4,3,2,4,4,5,2,4,2,1,4,4,1,5,3,4,4,5,4,4,4,4,3,2,2,1,3,1,2,1,1,2,1,4,3.25,2.9375,2.875,3.625,1.8,1.4,2,4,1,5,1.5,4.5
19,1,0,1.8125,4,5,4,3,2,2,4,5,2,4,5,1,4,5,2,4,2,1,4,4,2,4,3,2,2,4,2,4,2,2,4,4,4,4,4,2,2,4,4,5,1,1,4,4,2,2,2,2,3,5,2,4,2,2,2,4,2,4,4,2,4,5,3,4,4,1,2,3,2,3,2,4,2,4,2,3,4,2,2,4,4,2,5,1,2,5,2,5,2,2,3,4,2,5,3,2,3,2,4,2,2,2,1,3,2,2,2,1,3,2,2.9375,3.75,2.5625,4.3125,3,2,2,2,4,2,5,2,4.5
19,1,-.8,2.375,2,5,2,4,4,1,2,5,1,4,5,2,4,5,1,4,5,1,4,3,2,5,5,4,4,5,2,4,5,1,4,5,2,2,5,4,5,5,2,5,4,2,2,4,1,4,5,4,5,5,2,2,4,2,5,4,2,4,5,1,4,4,2,4,4,5,4,2,2,4,5,4,4,4,1,2,5,2,5,5,4,1,4,1,4,5,2,5,4,1,2,3,2,4,5,3,4,4,5,3,2,2,1,3,1,1,1,1,1,1,4.625,3.625,1.875,4.3125,3.75,1.8,1,2,4,1,5,1.5,4.5
20,1,.2,4.3125,4,5,2,4,5,5,2,2,4,3,5,4,3,5,2,4,3,2,4,5,2,2,4,4,4,5,4,4,4,5,3,4,3,4,5,4,4,4,4,3,2,3,4,4,1,3,4,4,2,5,2,4,3,5,2,4,5,2,5,4,4,4,2,3,2,4,3,3,2,2,5,5,4,5,4,2,4,5,2,4,4,1,5,5,4,5,2,2,3,5,5,4,2,3,4,5,5,5,5,5,2,1,1,1,1,2,1,2,1,1,3.9375,2.875,2.8125,4.25,3.375,1.2,1.4,4,4,5,3,4.5,3.5
 ,1,.4,4,4,3,4,2,5,4,5,5,4,4,5,4,1,5,1,4,4,5,1,4,3,3,4,4,4,5,5,5,5,4,4,5,3,4,4,4,4,4,5,3,5,3,3,4,1,4,2,4,4,2,2,4,4,2,2,5,4,3,4,4,4,4,3,4,4,4,3,4,4,4,5,5,4,3,4,2,4,4,3,4,3,1,5,5,4,1,5,5,4,4,4,2,2,3,5,4,5,5,4,4,4,4,2,4,1,4,3,3,5,2,4.3125,3.4375,3.3125,3.75,3.375,3,3.4,5,2,4,3,4.5,2.5
21,1,1.2,3.9375,4,2,1,3,4,4,4,2,5,2,5,4,3,5,2,4,2,3,4,4,5,3,4,3,1,4,3,4,5,4,2,4,4,2,5,5,2,4,2,4,2,3,3,4,3,2,3,5,3,4,1,3,4,4,2,4,4,2,5,3,4,4,3,4,2,4,2,4,5,4,4,4,2,2,3,2,4,4,2,4,4,2,5,5,2,2,2,4,2,4,4,3,4,2,3,4,4,2,4,4,2,2,2,1,2,3,3,3,3,3,3.6875,2.9375,3.1875,3.5,2.75,1.8,3,4,3,3,4,3.5,3.5
19,1,0,3.6875,4,1,2,3,5,4,2,2,2,3,5,2,2,5,2,1,2,4,5,5,2,2,4,4,4,4,2,4,4,2,1,3,2,2,5,2,4,3,2,2,2,4,4,4,2,1,4,4,5,2,1,2,5,3,2,4,2,4,5,3,3,4,2,2,4,5,3,4,2,2,4,4,4,4,2,1,5,4,1,2,2,1,5,4,2,4,2,2,4,5,4,4,2,2,4,5,4,3,4,3,3,2,1,4,3,2,1,2,4,4,4.1875,2.125,1.9375,3.4375,3.125,2.6,2.6,4,4,3,5,3.5,4.5
18,1,0,2.9375,3,5,2,4,4,3,4,4,4,4,5,2,2,3,2,4,4,2,3,4,3,2,3,4,4,4,2,4,4,4,4,4,2,3,4,4,4,4,4,5,3,2,3,3,2,4,4,2,2,5,2,4,3,4,4,3,4,3,2,2,4,3,4,4,4,2,3,3,2,3,3,4,4,4,3,2,2,4,3,4,3,3,4,4,4,4,2,3,4,2,4,4,2,4,4,2,4,4,3,4,2,2,1,3,2,3,2,2,2,1,3.5625,3.5,2.6875,3.8125,3.4375,2,2,3,4,3,5,3,4.5
18,1,0,2.875,5,4,2,2,4,4,3,4,4,4,5,1,4,4,2,2,2,2,3,4,5,1,4,4,2,4,2,4,4,2,2,4,2,2,5,4,5,4,2,2,2,3,4,4,4,1,4,3,4,5,2,4,2,3,2,3,2,4,5,2,4,4,2,2,3,3,4,4,4,3,4,4,2,5,2,1,1,3,1,4,4,2,5,3,4,4,2,2,2,2,4,5,2,3,3,3,4,4,5,5,3,4,3,3,2,3,4,3,3,2,3.4375,2.4375,2.6875,4.125,3.3125,3,3,4,3,5,3,4.5,3
18,2,0,3.5625,3,4,4,4,2,3,2,4,3,4,5,3,2,4,3,3,2,4,4,4,2,2,1,2,4,5,4,4,2,3,3,5,4,4,2,3,5,5,2,3,1,5,4,4,3,2,2,4,4,5,2,4,2,4,2,5,4,4,2,4,4,4,3,4,1,4,3,4,2,3,4,3,4,5,4,4,2,4,2,5,2,4,4,3,3,3,2,4,2,4,3,4,4,2,2,4,4,4,4,3,2,2,2,4,1,2,2,2,4,1,2.25,3.4375,3,4.375,3.25,2.2,2.2,1,5,1,5,1,5
22,1,0,3.4375,5,4,4,4,5,2,5,5,5,4,5,1,4,4,2,3,4,3,4,4,4,2,4,5,5,4,4,4,4,1,3,5,2,2,5,4,4,5,3,4,4,5,4,4,4,3,5,5,5,2,1,4,4,1,5,4,2,2,5,5,5,5,1,5,5,5,3,2,4,3,5,5,4,4,3,4,4,2,4,4,2,2,5,1,4,5,1,4,4,5,5,4,5,2,4,5,5,4,4,5,3,2,2,2,3,3,2,2,2,3,4.5,3.25,2.9375,4.0625,4.3125,2.4,2.4,4,4,4,4,4,4
18,1,-.2,4.1875,4,4,5,5,2,3,3,4,4,1,5,4,4,3,2,4,4,5,4,2,4,2,4,4,4,3,4,4,4,4,4,4,4,3,4,4,4,4,4,4,4,4,4,2,4,4,5,4,4,2,4,2,2,4,2,3,4,2,4,4,2,3,4,4,4,4,4,3,4,2,4,4,4,4,4,3,4,4,2,2,4,2,4,5,3,4,4,2,4,5,4,2,4,4,4,5,4,4,4,4,2,2,1,1,2,2,1,1,1,2,3.875,3,3.9375,3.0625,3.5,1.6,1.4,3,4,3,4,3,4
22,1,.2,4.25,4,3,2,2,4,4,4,5,4,2,5,5,4,5,2,2,2,4,4,4,2,2,4,5,4,4,4,4,4,4,4,5,4,2,5,5,5,4,4,2,2,3,3,4,2,2,5,5,2,2,1,1,4,4,4,3,4,2,5,4,4,4,3,2,2,4,2,4,4,2,4,4,4,2,2,2,4,4,4,4,2,1,5,5,4,4,2,2,1,4,4,4,4,2,4,4,5,5,5,4,3,2,2,3,2,3,3,2,3,2,3.75,2,2.875,3.8125,3.75,2.4,2.6,3,4,2,4,2.5,4
21,1,.2,2.3125,1,3,3,4,4,4,2,4,4,4,4,2,2,4,3,2,4,1,4,3,4,3,5,3,1,4,4,3,4,2,3,4,3,4,5,4,4,3,4,4,4,1,3,2,1,4,4,4,2,3,2,2,5,1,3,2,3,2,5,2,3,3,2,4,4,1,4,4,4,4,5,4,5,3,2,2,4,2,4,3,4,4,5,1,2,3,2,3,5,1,4,4,2,3,5,4,4,3,4,4,4,3,2,3,2,4,3,3,3,2,4.5,3.25,2.9375,3.25,2.9375,2.8,3,1,4,1,5,1,4.5
20,2,0,3.25,3,3,2,2,3,3,3,4,3,1,5,3,3,4,1,5,5,2,3,3,1,1,2,5,2,5,1,4,3,3,4,4,3,1,5,5,5,3,4,1,4,2,3,2,1,1,4,2,2,3,1,1,2,4,3,4,3,1,1,2,4,5,3,2,2,3,3,3,2,1,3,2,4,3,1,1,2,4,1,3,4,1,5,4,2,2,2,1,1,3,4,1,1,1,2,5,3,3,1,3,3,4,2,5,1,3,3,3,5,1,3.0625,1.5625,2.0625,3.25,3.0625,3,3,2,3,1,5,1.5,4
19,1,0,2.6875,4,4,3,3,4,2,4,4,3,3,5,2,3,4,2,2,4,3,3,2,4,2,3,4,4,3,4,5,2,4,4,4,4,2,4,3,5,3,4,5,3,2,4,3,2,3,4,4,4,3,1,4,5,2,1,2,4,3,4,2,4,4,2,4,4,3,4,4,4,2,4,2,4,2,2,2,3,4,2,2,4,2,4,2,4,4,2,3,2,2,4,2,2,2,2,2,4,4,2,3,3,2,2,2,1,3,2,2,2,1,3.5625,2.9375,2.9375,3.125,3.625,2,2,3,3,1,5,2,4
 ,1,.2,3.125,3,4,3,4,5,2,4,4,3,2,5,2,1,5,1,1,3,4,3,4,3,3,2,4,2,5,2,4,3,3,2,4,3,3,4,4,3,4,3,2,2,3,4,4,2,3,3,4,2,4,1,2,4,1,2,3,3,2,4,3,3,4,3,3,3,3,2,4,3,2,4,3,4,3,1,2,5,2,2,2,4,1,5,4,2,2,2,3,1,4,2,4,2,2,3,4,4,4,4,3,2,1,2,3,2,2,2,2,3,2,3.5,2.4375,2.4375,3.75,2.5625,2,2.2,1,4,2,5,1.5,4.5
23,1,0,3.75,4,4,2,2,5,3,4,2,2,4,5,4,2,4,2,4,4,4,5,4,4,2,5,2,4,4,2,4,3,4,3,4,2,2,5,5,5,4,4,3,5,4,3,4,2,3,4,4,2,4,3,2,4,4,3,4,4,3,5,1,2,4,4,2,5,4,2,2,2,3,5,3,5,3,2,2,5,5,3,5,3,1,5,5,2,4,3,2,5,4,3,4,2,3,5,4,5,4,4,4,2,1,1,2,2,2,1,1,2,2,4.6875,2.625,2.6875,3.75,3.25,1.6,1.6,2,5,2,5,2,5
19,1,0,4.0625,3,4,2,5,1,3,3,2,5,4,5,2,2,5,1,3,4,5,5,2,4,5,4,3,1,4,4,5,5,2,3,2,4,2,5,5,5,5,1,4,4,4,4,4,1,5,5,5,3,4,2,2,4,3,2,4,4,2,4,5,5,5,2,5,5,4,5,5,2,5,4,5,4,2,3,2,5,4,2,5,3,1,5,5,5,5,1,2,5,5,4,4,3,5,5,5,5,4,5,5,3,2,3,2,2,3,2,3,2,2,4.375,3.5625,2.625,3.875,3.5,2.4,2.4,4,2,4,3,4,2.5
 ,2,.6,2.8125,4,5,2,4,4,2,4,5,4,2,5,1,5,4,4,4,2,4,3,2,5,4,2,4,4,4,2,4,2,2,4,4,4,5,4,3,4,4,4,5,2,3,4,1,4,4,4,4,4,5,2,4,4,1,4,2,4,5,5,4,4,4,4,5,4,3,4,2,4,4,2,4,4,4,4,2,4,2,2,3,4,2,5,2,4,4,4,4,4,2,4,3,4,4,2,4,5,4,4,4,2,3,2,4,2,3,3,3,4,3,3.4375,3.875,3.6875,3.5,3.875,2.6,3.2,4,4,3,4,3.5,4
20,1,.2,3.375,5,2,4,4,4,2,4,5,3,3,4,4,2,4,2,4,3,4,4,3,3,4,4,4,5,5,4,4,2,4,4,5,4,4,4,4,5,4,4,3,2,2,4,4,4,4,5,4,4,2,2,2,4,3,4,4,4,3,2,3,4,4,3,4,3,3,4,4,4,4,4,4,5,3,3,4,4,3,4,4,4,2,4,4,4,4,4,4,2,2,4,2,3,3,5,4,4,4,4,4,2,2,2,2,2,2,3,2,2,2,3.5,3.5,3.4375,3.6875,4.125,2,2.2,5,4,5,4,5,4
19,2,0,3.625,4,2,1,2,3,3,5,2,3,4,5,3,3,4,2,4,4,3,4,3,4,2,2,4,3,4,3,4,5,4,5,4,2,4,5,4,4,4,3,4,3,3,3,2,2,1,4,4,5,2,1,2,4,3,3,3,4,4,4,4,4,3,2,3,4,3,2,2,3,2,5,5,4,4,1,2,3,4,4,3,2,1,5,4,4,4,3,2,2,4,4,3,3,2,4,3,4,3,5,5,2,2,1,1,2,2,2,1,1,2,3.875,2.6875,2.4375,3.0625,3.8125,1.6,1.6,3,4,3,5,3,4.5
19,1,.4,3.75,5,2,2,4,2,4,1,4,5,4,5,2,3,2,4,1,5,4,3,2,5,3,4,4,5,5,2,5,2,1,2,5,4,4,5,5,5,5,4,5,3,3,3,2,2,5,5,5,1,1,1,5,1,5,1,5,5,4,5,2,5,5,3,3,5,2,3,2,4,5,4,5,1,2,2,5,2,5,1,5,2,2,5,4,5,5,2,5,5,4,1,5,4,5,5,5,5,5,5,5,1,2,1,2,1,1,3,1,3,1,3.9375,4.0625,3.1875,3.5625,2.8125,1.4,1.8,2,4,3,5,2.5,4.5
21,1,.2,2.4375,3,2,2,4,5,2,3,3,4,4,5,2,5,3,2,4,2,1,4,5,5,4,4,2,3,5,2,4,4,2,3,3,2,2,5,5,4,4,4,3,2,1,3,4,2,4,2,3,3,1,1,2,5,2,2,4,4,4,5,4,4,4,2,1,2,1,2,4,4,4,5,4,5,4,2,4,4,2,1,5,4,2,5,5,3,3,4,2,4,1,4,4,4,4,5,2,5,3,5,5,3,3,2,2,2,3,3,3,2,2,4,3.25,3,3.625,3.25,2.4,2.6,3,4,3,5,3,4.5
18,1,0,2.6875,1,4,2,4,4,2,3,4,4,1,5,1,1,5,2,2,2,2,2,5,4,1,4,5,1,5,2,4,4,2,4,4,2,1,5,5,4,4,2,2,2,1,2,4,4,4,4,4,4,2,2,2,4,2,2,4,2,2,5,2,2,5,2,2,4,2,2,2,5,4,2,4,4,2,2,4,2,2,1,2,4,1,5,2,2,2,2,2,4,3,2,4,4,4,2,4,4,4,4,4,2,2,2,2,1,2,2,2,2,1,3.625,2.5,2.8125,3.625,2.3125,1.8,1.8,2,4,2,5,2,4.5
 ,1,-.2,2.5625,4,3,1,2,4,2,4,4,4,3,5,2,4,4,3,2,5,2,4,4,2,4,5,4,4,2,1,4,3,2,5,5,4,3,5,4,5,3,4,4,4,1,3,2,2,4,5,3,5,2,1,2,5,2,5,2,4,3,5,3,4,4,2,3,5,2,5,3,3,2,5,4,3,2,2,2,5,3,3,4,4,1,5,1,4,2,3,3,4,2,4,3,2,4,4,4,5,4,4,5,2,2,3,2,2,2,2,2,2,2,4.625,2.875,2.625,3.0625,4.125,2.2,2,2,4,1,5,1.5,4.5
18,1,0,3.0625,4,4,2,3,2,3,5,4,2,3,5,2,4,4,2,3,3,2,2,3,2,3,5,4,5,5,2,4,2,2,4,5,3,4,5,4,4,4,3,4,2,2,4,3,1,4,4,1,3,4,2,2,2,2,4,3,2,4,5,3,4,5,2,4,4,3,2,4,2,3,4,5,5,4,2,2,3,3,2,4,3,2,5,4,3,4,2,3,4,4,4,4,4,2,4,5,5,4,4,3,3,2,2,3,1,3,2,2,3,1,3.6875,3.125,2.25,4,3.6875,2.2,2.2,2,5,3,5,2.5,5
20,2,.2,4.5,2,4,2,4,3,5,4,4,3,3,4,4,3,4,2,1,3,5,4,2,2,4,1,5,2,4,2,4,1,5,4,5,3,3,4,5,4,5,3,2,2,4,4,3,2,3,2,5,5,5,1,1,2,5,5,5,3,4,4,5,5,5,3,3,4,4,4,3,3,4,1,4,5,4,2,2,4,5,2,4,3,2,4,4,4,4,3,2,2,4,5,4,3,3,2,3,4,4,2,3,1,1,1,1,1,1,1,1,2,1,2.6875,2.8125,2.5,4.0625,3.875,1,1.2,1,4,2,5,1.5,4.5
18,1,0,2.3125,4,5,1,1,1,1,3,4,2,2,5,2,3,5,2,2,5,1,4,4,1,4,2,5,1,5,1,5,5,2,1,4,2,3,5,4,4,4,4,5,5,1,3,2,1,3,2,4,5,5,1,2,5,1,2,3,3,2,5,2,5,5,2,1,5,1,3,2,2,1,5,4,4,5,1,1,5,2,2,3,3,1,5,4,3,1,2,3,4,1,4,2,1,2,2,2,3,4,1,2,1,1,1,1,1,1,1,1,1,1,4.125,2.375,1.8125,3.6875,3.1875,1,1,1,4,1,5,1,4.5
21,1,0,3.5,5,2,1,3,1,4,4,3,4,3,2,5,2,2,3,2,2,3,2,4,2,3,2,4,4,2,3,5,1,4,4,2,3,2,3,3,2,3,4,2,3,4,4,3,2,3,2,5,1,3,4,2,2,2,4,2,2,4,3,3,3,5,4,2,3,4,2,4,2,4,4,3,2,3,4,2,3,2,3,3,4,3,2,5,4,3,2,3,2,3,4,3,2,4,4,2,3,2,2,3,4,3,3,2,2,4,3,3,2,2,2.4375,2.9375,2.875,2.9375,3.125,2.8,2.8,2,4,3,5,2.5,4.5
22,2,0,2.1875,2,3,2,4,1,2,4,4,2,2,2,2,3,4,4,4,4,2,5,3,4,4,3,3,2,2,2,4,2,2,5,3,4,3,4,2,2,4,4,3,2,2,4,2,2,4,2,3,4,4,1,4,2,2,4,3,4,2,4,1,4,4,2,4,2,2,4,2,2,2,4,2,2,2,2,5,4,4,2,1,3,2,4,1,2,2,2,3,4,2,4,2,2,4,2,3,4,4,4,4,2,3,3,4,3,2,3,2,5,3,2.875,3.375,2.625,2.8125,3.3125,3,3,3,3,3,5,3,4
18,1,0,2.5,4,5,1,1,5,2,4,4,2,4,5,2,3,5,2,3,5,5,3,2,2,4,2,4,2,5,1,4,5,2,2,4,2,2,4,3,4,4,2,4,4,1,3,2,1,3,2,4,5,5,1,2,4,2,3,3,3,2,5,2,4,5,3,2,4,1,3,4,2,1,5,4,4,5,1,1,4,2,2,3,2,1,5,3,3,2,2,3,4,1,3,2,1,2,2,2,2,4,5,3,1,1,1,1,1,1,1,1,1,1,4.0625,2.4375,1.75,3.75,3.25,1,1,1,4,2,5,1.5,4.5
18,2,0,2.625,4,1,4,4,4,2,4,3,4,4,4,2,4,5,3,4,3,3,4,2,4,5,3,5,2,3,2,5,2,2,2,3,3,4,2,2,4,3,4,5,2,1,3,2,3,4,3,5,3,4,2,4,5,3,3,3,4,4,3,3,4,3,2,3,4,1,2,3,4,1,2,5,3,4,3,2,3,2,4,2,2,2,5,2,4,2,3,3,3,2,3,2,3,4,3,2,4,3,4,3,2,2,3,3,1,2,2,3,3,1,3.1875,3.625,3.125,2.8125,3.3125,2.2,2.2,1,4,2,5,1.5,4.5
20,2,.2,2.75,4,4,4,4,3,2,4,4,4,4,4,3,3,4,4,3,3,2,5,4,5,4,3,4,4,4,3,5,4,2,3,4,3,3,4,4,5,5,4,3,2,2,5,5,5,4,3,3,5,4,4,4,3,2,4,4,4,3,3,4,5,4,3,3,3,3,5,3,4,4,4,3,5,4,4,4,3,2,4,4,3,3,4,4,5,4,4,3,4,1,5,4,4,3,4,3,4,3,5,5,3,3,2,2,2,3,3,2,2,3,3.375,3.5625,3.875,4.0625,4.4375,2.4,2.6,4,5,5,4,4.5,4.5
21,1,0,4.375,4,3,4,4,3,4,1,4,3,3,3,2,4,4,4,3,2,3,4,3,5,4,2,5,4,3,4,5,3,5,5,4,4,3,3,5,5,4,4,1,2,4,3,4,4,4,1,5,4,3,2,2,2,5,4,3,5,1,4,4,5,3,4,1,2,5,5,1,5,4,2,5,5,3,4,3,2,5,5,4,4,2,5,4,5,3,3,1,2,4,1,2,5,4,4,5,4,4,5,3,2,2,2,2,1,2,2,2,2,1,2.625,2.8125,4,3.1875,4,1.8,1.8,5,4,4,4,4.5,4
18,1,.4,4,4,3,2,4,3,4,4,5,4,4,4,4,4,2,2,4,3,3,3,4,5,3,4,4,2,5,4,5,4,4,4,4,4,3,4,5,4,4,3,5,4,4,3,4,3,4,4,5,2,4,3,4,3,3,2,4,3,2,5,4,3,2,3,5,4,3,2,3,4,4,4,4,2,4,2,4,4,4,2,4,3,3,4,5,4,4,3,4,5,4,3,3,4,4,5,4,4,4,4,4,2,1,3,2,1,2,2,3,2,2,4,3.875,3.25,3.6875,3,1.8,2.2,2,5,2,5,2,5
18,1,0,3,5,2,2,3,4,4,4,4,4,4,5,2,4,5,2,5,1,2,4,4,4,2,1,3,2,4,3,4,2,2,4,4,4,4,5,3,3,4,4,5,2,2,4,4,4,3,3,4,4,2,2,5,3,4,4,3,4,4,5,4,5,3,2,3,4,3,4,4,5,3,2,4,5,2,3,3,2,2,2,4,4,4,5,2,4,4,2,4,1,3,5,4,4,4,2,4,5,4,5,3,2,3,2,2,1,2,3,2,2,1,2.9375,3.75,3.3125,3.5625,3.9375,2,2,3,4,2,5,2.5,4.5
24,2,.2,3.6875,2,4,4,4,2,3,4,4,5,2,4,4,4,2,3,3,2,3,4,4,5,1,2,2,1,4,4,3,2,3,4,4,5,2,2,4,1,4,4,3,2,4,4,3,4,3,3,5,3,5,3,2,2,4,4,3,5,2,2,3,1,4,4,3,3,4,3,3,5,2,3,5,3,2,4,4,2,5,3,5,4,2,3,2,2,4,3,2,1,3,2,3,4,2,2,5,3,3,5,3,2,1,2,1,2,2,2,2,1,2,2.3125,2.5,4.125,3.625,2.8125,1.6,1.8,2,4,2,5,2,4.5
18,1,0,4,4,3,2,4,3,4,3,5,4,4,4,5,4,2,2,4,4,3,3,3,4,3,4,4,2,4,2,5,5,4,4,5,4,4,4,5,4,4,3,5,5,4,3,4,3,4,4,4,2,4,2,3,3,4,2,4,3,2,5,4,4,4,4,5,4,4,3,3,4,4,4,4,2,4,2,4,5,4,1,4,3,2,5,4,4,4,3,3,5,3,4,3,4,3,5,4,4,4,5,4,2,2,3,2,2,2,2,3,2,2,4.3125,3.6875,3.0625,3.75,3.0625,2.2,2.2,3,4,2,5,2.5,4.5
24,2,.2,3.6875,2,4,4,4,2,4,4,4,5,2,4,4,4,2,2,3,2,3,4,4,5,1,2,3,1,4,4,3,2,3,4,4,5,2,2,4,1,4,4,3,2,4,3,3,4,3,3,4,3,5,3,2,2,4,4,4,5,2,2,3,2,4,4,3,3,4,2,3,5,2,3,5,3,2,3,5,2,4,3,4,5,2,3,2,2,4,3,2,2,4,2,3,4,2,2,4,3,3,4,3,2,1,2,1,2,2,2,2,1,2,2.375,2.5625,4.0625,3.625,2.75,1.6,1.8,2,4,2,5,2,4.5
35,1,-.2,4.0625,5,5,4,3,1,4,5,5,2,5,5,5,3,5,1,3,1,3,3,4,4,3,2,5,3,5,4,4,1,4,5,5,4,5,5,5,5,5,4,4,1,3,3,4,3,5,4,5,5,5,2,3,2,4,5,5,5,5,3,5,3,5,3,5,3,2,3,4,4,5,3,4,5,4,4,2,1,5,2,5,3,4,5,5,2,5,2,4,3,2,4,3,3,3,3,4,5,5,5,4,2,1,1,2,2,2,1,1,2,1,2.6875,3.9375,3.25,4.625,3.8125,1.6,1.4,2,5,1,5,1.5,5
19,2,0,4.0625,4,4,2,2,3,3,4,4,4,2,5,2,5,4,2,2,4,4,4,3,5,1,4,5,4,4,4,3,4,4,5,5,4,1,5,3,5,5,3,1,4,4,3,3,4,2,4,5,5,5,1,1,3,5,5,3,4,1,4,3,4,4,4,1,2,4,2,3,3,2,4,5,5,4,4,1,2,4,3,4,4,1,5,5,4,5,1,2,2,4,4,3,4,2,2,5,4,3,4,4,3,3,2,3,2,3,2,3,3,2,3.5625,1.5625,3.3125,3.9375,4.125,2.6,2.6,4,3,4,3,4,3
19,1,-1,3.0625,2,4,2,3,4,2,2,3,4,3,5,2,2,5,2,3,5,2,3,4,4,5,4,4,2,5,2,4,4,3,4,4,4,3,4,5,2,4,3,5,3,2,4,3,2,5,4,4,3,4,1,3,4,3,3,3,4,3,4,4,5,4,4,3,4,2,3,3,4,4,4,2,5,2,1,3,3,4,1,2,5,1,5,4,2,4,3,4,5,2,2,3,2,4,4,4,5,3,3,5,1,2,2,2,3,1,1,1,1,1,4.125,3.5,2.9375,3.5625,2.8125,2,1,2,4,2,5,2,4.5
22,1,.2,3.25,4,5,2,3,4,2,1,5,2,2,5,2,4,4,3,1,1,3,4,2,4,3,2,4,2,4,3,4,2,3,5,5,2,3,4,4,4,4,4,3,2,4,3,4,2,4,5,4,4,5,1,4,2,3,1,4,2,3,5,2,4,4,4,3,2,3,4,2,3,4,3,4,4,5,2,2,2,3,4,4,2,1,4,4,4,5,4,2,2,3,4,3,4,4,2,4,4,3,4,2,2,2,1,1,2,2,1,2,2,2,2.9375,2.875,2.75,4.0625,3.5,1.6,1.8,2,4,2,5,2,4.5
20,1,.2,4,4,2,2,2,4,1,4,4,2,4,5,5,5,5,2,4,3,4,4,5,4,2,4,3,4,2,2,4,5,4,4,5,2,2,5,5,5,5,3,4,4,4,3,5,2,2,4,3,4,2,2,3,5,3,5,4,2,2,2,5,4,4,4,2,5,5,4,4,4,3,5,3,4,2,2,4,5,4,5,5,4,2,4,5,4,5,2,3,5,5,4,4,3,3,3,5,4,3,5,3,2,2,2,2,1,2,2,2,2,2,4.25,2.875,2.625,3.9375,4.1875,1.8,2,3,4,3,5,3,4.5
19,1,.4,2.875,4,4,4,4,4,2,4,4,2,2,4,2,2,4,2,2,4,4,2,2,2,4,4,4,2,4,4,4,2,4,4,4,4,4,2,2,4,1,3,3,3,2,4,3,2,3,3,5,4,2,2,2,4,2,2,2,4,4,2,4,4,4,2,3,3,3,5,4,3,1,4,2,4,2,2,3,4,2,3,3,3,2,3,1,3,4,2,3,3,3,2,2,3,1,3,4,4,3,1,2,2,1,1,1,1,2,2,2,1,1,3.25,2.8125,2.75,3.0625,3.3125,1.2,1.6,3,4,3,5,3,4.5
20,1,.4,3.3125,5,5,4,5,5,2,4,4,4,4,4,2,4,5,4,5,4,3,4,4,5,1,5,4,4,5,5,5,4,2,4,5,4,4,4,2,4,4,4,5,4,4,4,5,2,4,5,4,5,5,2,5,4,2,4,4,4,4,5,4,3,4,2,4,4,4,2,5,4,5,5,4,5,5,4,4,4,2,4,5,3,4,4,5,4,4,2,4,5,4,4,5,5,4,5,5,5,4,5,5,3,2,2,2,1,3,2,3,2,2,4.4375,4.1875,3.625,4.625,4,2,2.4,4,4,4,5,4,4.5
20,1,0,2.25,2,2,4,2,3,2,1,2,4,2,5,1,1,3,2,3,4,1,3,4,2,2,2,4,1,4,2,4,3,4,1,3,4,2,4,4,1,3,3,2,4,1,4,4,2,2,4,4,1,2,2,2,2,2,5,4,4,2,5,2,2,3,2,2,5,1,2,2,2,4,3,2,2,4,5,3,4,2,4,4,4,1,5,2,2,2,2,2,4,2,4,5,2,2,2,2,4,4,4,4,2,3,2,4,1,2,3,2,4,1,3.6875,2.3125,2.875,3.1875,2.25,2.4,2.4,4,3,3,5,3.5,4
21,1,0,3.375,4,5,3,3,4,3,4,4,4,3,5,1,4,4,3,2,3,3,3,3,5,2,4,5,4,4,4,4,4,3,4,4,4,2,4,4,5,4,5,3,3,3,3,4,3,4,3,4,3,4,3,1,4,3,3,3,4,1,4,3,3,4,4,3,3,2,3,4,4,3,4,5,5,4,3,2,4,4,2,4,4,1,5,3,4,1,4,3,2,3,3,3,4,2,4,5,4,5,5,5,2,1,1,2,1,2,1,1,2,1,3.75,2.4375,3.8125,3.6875,3.5625,1.4,1.4,3,4,3,4,3,4
19,1,0,3.8125,4,2,2,4,4,4,2,4,4,4,4,4,4,4,4,2,4,2,4,5,4,2,4,2,3,4,2,4,4,5,4,5,3,1,4,5,4,4,2,4,2,2,3,5,2,4,4,4,4,2,1,2,4,4,2,5,3,2,4,5,5,4,2,4,4,3,2,4,4,3,5,4,2,2,2,4,4,4,2,4,4,2,4,5,5,4,2,2,4,4,2,4,4,3,5,4,3,3,2,4,2,1,2,2,1,1,2,2,2,1,4,2.9375,2.8125,3.875,3.25,1.6,1.6,3,3,2,4,2.5,3.5
20,1,0,3.25,4,3,4,5,4,2,5,4,3,2,4,1,2,3,4,2,3,4,4,3,4,3,3,4,4,4,3,4,2,2,4,4,4,2,2,4,5,3,4,3,2,2,4,4,3,4,3,5,4,4,1,1,4,4,4,4,4,2,2,4,4,4,5,3,2,4,3,4,4,3,2,5,4,4,1,2,5,3,3,2,4,1,5,1,4,2,4,3,2,5,5,4,4,3,3,2,4,3,5,4,1,1,1,1,1,1,1,1,1,1,3,2.6875,3.5,3.5,3.9375,1,1,2,4,2,5,2,4.5
21,2,0,3.125,2,1,4,4,3,2,5,5,4,3,5,2,2,5,4,2,1,4,5,5,4,4,4,3,2,4,4,5,2,2,1,5,4,1,2,4,3,5,4,2,1,2,4,5,1,4,5,5,3,2,5,2,2,4,5,4,5,2,4,5,2,5,2,2,4,2,4,5,4,4,2,5,5,5,3,5,3,4,3,3,4,1,4,2,1,2,2,2,1,2,5,5,4,2,1,2,5,3,5,5,4,3,2,2,1,4,3,2,2,1,2.75,2.8125,3.625,4.125,3.25,2.4,2.4,1,4,2,5,1.5,4.5
20,2,0,2.625,3,3,3,2,3,2,2,2,3,3,3,2,3,2,3,3,2,2,3,3,4,2,4,3,3,2,5,1,4,2,3,2,3,1,4,3,2,2,3,3,3,2,2,2,4,4,4,2,3,3,4,2,1,4,1,3,2,2,2,4,4,3,4,3,4,1,1,2,2,3,4,2,3,3,3,1,1,4,4,2,2,2,3,1,3,3,3,2,2,4,5,5,2,2,2,4,4,5,1,1,2,2,1,1,1,2,2,1,1,1,2.875,2.25,3.125,2.625,2.8125,1.4,1.4,1,4,1,5,1,4.5
 ,1,0,3.8125,4,4,2,2,3,2,2,4,4,1,4,4,4,4,4,4,5,4,4,4,5,1,4,5,5,3,2,4,3,4,2,4,4,2,4,5,5,4,4,2,4,4,4,4,1,2,5,4,5,5,1,2,4,3,1,2,3,2,5,2,4,4,4,3,5,4,5,2,2,4,5,5,5,1,1,2,4,2,1,4,3,1,5,4,5,2,1,2,5,4,5,3,2,4,5,5,5,4,5,5,2,2,1,1,1,2,2,1,1,1,4.375,2.375,2.6875,3.375,3.8125,1.4,1.4,1,3,1,5,1,4
20,1,1.4,2.9375,4,4,3,3,4,3,4,4,2,3,4,3,3,5,2,3,3,2,3,4,2,3,4,3,4,3,4,3,3,3,4,5,4,3,4,4,5,5,3,4,1,2,3,3,2,4,4,3,4,3,2,3,4,3,4,3,4,3,5,3,4,5,3,3,4,2,3,3,4,3,4,3,4,3,2,3,4,3,4,4,2,2,5,5,5,4,3,3,3,2,4,4,2,3,4,3,4,4,4,4,1,2,2,1,2,3,3,3,3,3,3.75,3.0625,2.75,3.875,3.875,1.6,3,2,4,4,4,3,4
27,1,.8,3.9375,5,5,5,5,3,2,4,4,2,1,4,2,5,2,2,2,1,5,3,5,5,2,5,4,5,5,4,4,5,2,4,5,4,2,5,5,5,5,2,5,1,5,2,5,5,4,5,5,1,5,2,2,1,2,1,4,4,1,5,4,5,3,5,3,4,5,4,4,5,2,5,5,5,1,2,2,4,2,5,5,4,1,5,5,5,5,4,5,4,5,4,4,5,2,5,5,5,4,5,5,2,2,2,2,1,3,3,3,3,1,3.875,2.6875,3.75,4.1875,3.9375,1.8,2.6,3,3,2,5,2.5,4
27,1,1.8,4.1875,5,5,4,4,2,2,4,4,2,1,5,4,5,4,2,2,1,5,2,4,5,1,5,5,5,4,4,4,5,4,4,5,4,1,5,5,5,4,4,5,2,5,2,5,5,5,5,5,1,5,4,2,1,2,5,4,4,1,5,4,5,2,4,4,4,5,4,4,5,2,5,5,5,1,4,2,5,2,5,4,4,1,5,4,5,5,4,5,4,5,4,4,5,2,5,5,4,4,5,5,1,1,1,1,1,3,3,3,3,2,4,2.625,4,4,4.125,1,2.8,2,3,2,5,2,4
18,1,0,3.1875,2,3,2,4,3,4,3,4,3,4,2,4,3,4,2,2,4,2,2,3,3,3,3,2,2,3,2,4,3,2,3,4,3,3,4,5,4,4,4,3,3,2,3,2,2,4,3,3,1,4,1,3,4,4,4,3,3,3,2,4,4,4,4,2,3,3,3,3,4,3,4,3,4,2,2,4,5,4,2,4,2,2,5,5,3,4,2,4,3,1,1,3,2,3,3,3,4,4,2,3,1,2,2,2,1,1,2,2,2,1,3.375,3.1875,2.5625,3.375,2.75,1.6,1.6,3,3,2,5,2.5,4
18,1,0,3.3125,4,4,2,4,2,3,4,5,2,3,5,3,3,4,2,3,2,3,2,3,2,3,5,5,5,4,2,4,2,3,4,5,3,4,4,3,2,4,3,4,2,3,3,3,1,4,4,1,3,4,2,2,2,3,4,3,3,4,4,3,4,4,3,4,3,4,3,4,2,4,4,4,5,4,2,2,3,3,2,4,3,2,5,3,2,4,2,3,4,4,4,4,2,3,4,5,4,4,4,4,2,2,1,2,1,2,2,1,2,1,3.4375,3.3125,2.25,3.9375,3.375,1.6,1.6,3,4,4,5,3.5,4.5
21,1,1.2,3.1875,2,5,2,2,4,5,3,5,2,3,5,2,4,5,5,2,5,3,4,2,2,2,4,4,3,4,3,4,3,2,4,3,5,1,5,4,4,4,4,3,4,3,3,2,2,1,4,2,3,1,1,2,3,4,2,4,4,1,5,2,2,5,3,2,4,3,1,1,2,4,5,4,5,2,1,1,4,2,2,4,1,1,4,4,2,2,4,2,2,3,2,4,2,2,4,4,4,3,1,4,2,2,1,3,1,3,3,4,3,2,4.0625,2.0625,2.6875,3.3125,2.875,1.8,3,5,2,5,5,5,3.5
28,1,.2,2.625,5,3,1,4,2,3,4,5,3,2,5,2,4,5,4,4,5,2,4,2,4,4,5,4,5,4,2,5,1,2,5,4,2,1,5,3,5,4,5,4,5,2,4,4,2,5,5,4,5,2,2,4,2,2,2,4,3,2,4,3,4,3,2,3,5,2,3,2,2,3,5,3,5,4,2,4,4,2,4,3,4,4,4,3,4,2,3,2,4,2,4,4,2,4,5,3,4,3,4,4,3,2,2,2,1,3,3,2,2,1,4.125,3.4375,2.6875,3.4375,4.1875,2,2.2,3,3,4,3,3.5,3
28,1,0,2.5625,5,3,2,4,2,2,4,5,4,2,5,2,4,5,4,4,5,2,4,3,4,4,5,4,5,4,2,4,1,2,5,4,2,2,4,3,5,4,4,3,5,2,3,4,4,5,5,4,5,3,2,4,2,2,2,3,3,2,4,3,4,4,2,3,5,2,3,2,4,4,5,3,5,3,2,4,4,2,4,3,4,4,5,3,4,2,2,2,5,2,3,4,2,3,5,3,4,3,4,4,3,2,2,2,1,3,2,2,2,1,4.1875,3.375,2.9375,3.5,4.0625,2,2,4,4,4,3,4,3.5
18,1,.4,4,2,2,4,4,5,5,4,4,4,1,4,4,2,4,1,4,2,4,2,4,4,1,3,4,1,5,4,5,5,4,1,5,4,2,1,5,5,5,4,4,1,4,3,2,2,2,5,4,1,4,2,1,4,5,3,2,4,2,4,4,2,5,4,3,4,2,2,4,2,4,5,4,4,4,4,2,5,5,5,4,4,1,4,4,4,5,2,2,1,3,2,4,2,2,1,3,5,5,5,2,2,2,1,3,1,2,3,2,3,1,3.375,2.5,3.1875,3.9375,2.6875,1.8,2.2,4,3,3,5,3.5,4
19,2,0,1.8125,4,4,1,4,1,1,2,5,4,2,3,1,3,2,4,1,4,2,4,2,2,2,1,2,2,5,1,4,1,2,2,4,2,1,4,2,4,3,2,3,4,1,2,3,1,4,3,2,5,5,1,2,2,3,2,4,2,5,5,3,5,5,2,3,4,1,4,2,2,4,1,3,5,4,2,2,3,2,2,2,1,4,4,1,4,5,1,4,2,1,4,4,3,2,2,2,4,4,1,2,1,2,2,1,2,1,2,2,1,2,2.75,2.9375,1.9375,3.6875,3.375,1.6,1.6,4,3,3,4,3.5,3.5
28,1,.4,3.625,4,4,2,4,2,2,2,5,3,4,5,4,1,5,5,4,4,4,2,5,4,2,3,5,2,4,3,5,3,4,4,5,4,2,5,5,4,5,4,4,4,3,3,4,2,3,2,4,5,5,1,4,2,2,4,4,3,4,2,2,3,4,4,2,5,3,2,2,4,2,5,4,4,5,2,2,4,3,2,3,3,1,5,5,2,5,4,2,4,4,5,4,4,2,4,4,4,4,5,5,3,2,2,2,2,3,2,3,3,2,3.6875,2.9375,3.25,4.3125,3.0625,2.2,2.6,4,4,5,4,4.5,4
22,1,0,3.5,3,4,3,1,5,3,3,3,3,1,5,3,3,3,4,2,4,1,3,2,3,1,5,1,1,2,4,4,5,4,3,3,3,3,5,5,3,3,3,2,4,4,3,2,3,1,4,3,2,3,1,2,5,3,3,2,2,1,5,2,3,4,2,3,5,3,3,2,5,1,5,5,4,2,3,1,5,4,4,2,3,1,5,5,4,3,3,1,5,5,1,1,3,1,5,5,4,3,3,3,2,1,2,1,1,2,1,2,1,1,4.8125,1.625,3,2.5625,2.875,1.4,1.4,2,4,1,5,1.5,4.5
 ,1,-.6,3,4,5,1,2,5,2,5,4,4,3,5,4,4,4,2,2,4,2,3,2,1,1,4,3,5,4,2,4,4,4,2,4,2,3,4,4,5,4,4,2,4,1,3,2,1,2,4,4,4,4,1,2,2,4,4,1,3,4,4,4,5,2,2,4,5,1,3,2,1,2,4,4,5,2,1,1,5,3,3,5,1,1,5,5,5,5,2,2,4,1,2,3,1,2,4,2,5,5,3,5,4,4,3,3,3,3,3,3,3,2,4.1875,2.3125,1.8125,3.3125,3.875,3.4,2.8,3,4,5,1,4,2.5
19,1,.4,3.6875,5,2,3,2,3,2,4,3,4,1,5,2,5,4,2,1,1,3,4,3,4,1,1,4,5,3,4,4,2,3,4,4,5,1,4,4,5,4,3,1,2,4,5,3,4,2,3,4,5,1,2,2,2,3,4,4,4,2,5,4,5,4,3,1,2,5,3,4,4,1,2,5,5,3,2,2,3,3,4,3,4,1,4,3,5,4,2,2,3,5,4,2,4,2,2,5,5,5,3,2,3,2,4,3,1,3,3,4,3,2,2.75,1.625,3.375,3.1875,4.5,2.6,3,5,3,5,4,5,3.5
18,1,-.4,3.8125,2,4,2,4,4,2,2,4,5,1,5,4,2,4,5,4,4,2,4,5,4,2,4,4,1,5,4,4,4,5,4,4,4,1,5,4,2,4,4,1,2,4,4,5,2,3,2,4,4,5,2,2,4,4,4,4,4,1,5,2,2,4,4,2,1,5,4,4,4,4,2,5,4,5,2,2,4,4,2,4,5,1,5,2,2,5,2,1,1,5,5,5,4,2,5,5,4,4,5,4,3,2,3,2,2,2,2,2,2,2,3.5625,2.1875,3.5625,4.4375,3,2.4,2,3,5,2,5,2.5,5
32,2,0,4.3125,5,4,5,4,2,3,3,4,3,4,3,3,3,3,4,2,2,3,4,3,4,2,4,4,2,2,5,4,2,5,2,4,4,4,2,5,5,4,5,5,2,5,5,3,4,4,4,5,5,5,2,4,2,5,5,3,4,3,3,4,4,4,5,4,3,5,4,3,4,4,4,5,4,2,5,5,2,2,5,4,4,4,3,5,2,2,4,3,4,5,5,3,5,4,4,5,5,4,5,5,2,2,2,2,2,2,2,2,2,2,2.875,3.75,4.1875,3.3125,3.9375,2,2,2,4,1,3,1.5,3.5
21,1,0,3.625,4,3,4,4,5,2,4,5,3,3,4,4,3,4,2,3,2,3,4,4,3,3,2,4,4,3,4,4,2,2,4,4,4,3,4,4,4,4,4,4,2,3,4,3,4,4,4,4,4,3,2,2,4,3,4,4,4,3,2,5,4,4,3,4,4,3,3,4,5,3,4,4,4,3,4,4,3,3,5,2,4,2,4,5,4,4,4,3,2,5,4,3,5,3,4,4,5,4,5,4,4,4,2,3,3,4,4,2,3,3,3.25,3.25,3.6875,3.5625,3.9375,3.2,3.2,3,3,4,4,3.5,3.5
23,1,.6,3.125,5,5,1,2,5,1,1,5,5,1,5,5,1,5,3,3,5,1,5,3,5,5,3,1,5,3,5,5,4,5,5,2,5,2,3,4,4,3,3,5,3,3,5,4,1,5,5,5,1,5,1,4,5,1,1,4,4,3,4,3,3,4,4,1,4,1,1,3,4,2,3,3,4,2,2,4,3,4,3,1,2,3,5,5,2,2,3,5,4,3,3,2,4,4,1,5,3,1,3,1,1,3,4,1,1,1,3,3,2,4,3.875,3.375,3.25,3.3125,3.0625,2,2.6,3,3,2,5,2.5,4
18,1,-.4,3.1875,4,4,2,3,4,2,2,4,2,2,5,4,2,5,1,2,5,4,2,2,4,2,4,5,5,4,2,4,4,5,3,4,4,4,2,3,3,2,4,4,3,2,3,3,3,2,3,3,4,1,1,2,4,2,2,2,3,4,5,3,4,4,3,4,4,2,4,2,3,1,5,3,4,2,1,4,5,4,1,1,4,1,5,1,5,4,2,5,2,4,4,2,1,3,4,4,4,4,5,4,3,2,4,2,3,2,2,3,2,3,4,2.9375,2.5,2.875,3.25,2.8,2.4,3,3,2,5,2.5,4
 ,2,.2,3.5625,4,3,2,2,4,2,3,5,2,2,5,2,1,5,1,2,5,5,4,3,4,2,5,5,4,4,3,4,4,2,2,4,5,3,5,3,2,5,4,4,3,3,4,4,4,2,5,5,4,5,2,2,3,3,4,4,4,3,4,3,5,5,3,4,4,4,3,3,5,1,5,4,4,4,2,2,2,4,2,1,2,2,4,4,3,5,4,2,2,4,4,3,4,1,4,4,5,4,4,5,2,3,2,2,1,3,2,2,2,2,4,2.375,3.1875,3.9375,3.3125,2,2.2,3,3,2,5,2.5,4
 ,1,0,3.25,4,3,4,4,4,3,4,4,4,4,5,2,4,4,2,4,4,4,4,3,3,4,4,2,2,4,3,5,4,2,4,4,4,4,5,4,4,4,3,4,4,4,3,4,2,4,5,5,4,4,1,4,4,2,4,4,4,4,4,3,4,4,2,3,5,4,4,2,3,4,4,4,4,4,4,4,4,3,4,4,4,4,4,2,4,2,3,2,4,4,5,3,4,4,5,4,5,4,5,5,4,3,2,3,2,4,3,2,3,2,4.3125,3.875,3.125,3.5625,3.875,2.8,2.8,4,2,4,2,4,2
18,1,0,2.8125,3,4,4,4,4,2,1,4,4,5,2,2,2,4,4,4,4,2,3,4,5,4,4,4,2,3,4,4,2,2,2,5,4,2,2,4,2,4,4,5,4,1,3,5,2,5,4,4,1,4,2,4,2,4,4,5,4,4,2,2,3,4,4,5,4,2,2,3,4,5,4,4,4,4,4,5,2,3,1,5,3,5,4,5,2,4,2,5,5,2,2,2,5,5,5,2,5,5,5,5,1,1,1,2,1,1,1,1,2,1,3.375,4.4375,3.6875,4,2.3125,1.2,1.2,2,4,2,5,2,4.5
35,1,0,3.9375,5,2,2,4,4,4,4,2,5,4,4,4,4,4,4,4,2,2,4,4,5,1,4,5,4,3,2,4,5,4,5,4,3,1,4,5,5,4,2,1,2,3,3,5,2,4,5,4,5,2,2,2,4,5,4,4,4,2,4,4,4,4,4,2,4,4,2,5,4,4,4,5,4,4,2,4,2,4,5,4,2,4,4,2,4,1,4,1,5,3,4,2,5,2,4,5,5,4,5,5,2,1,2,1,1,2,1,2,1,1,3.8125,2.75,3.25,3.375,4.125,1.4,1.4,3,3,3,5,3,4
18,1,0,3.25,5,2,2,3,5,1,5,4,1,5,5,3,3,1,1,5,5,1,5,3,1,4,5,5,5,5,4,5,1,1,5,1,2,5,4,5,5,3,3,5,5,3,4,1,1,5,3,5,5,3,5,1,3,1,5,1,3,5,3,1,5,5,1,3,5,3,3,1,1,5,3,5,4,1,3,1,3,5,3,1,3,4,5,5,5,1,4,5,5,3,5,4,2,5,2,5,4,5,5,5,2,2,1,1,1,2,2,1,1,1,3.875,4.125,2.3125,2.3125,4.5,1.4,1.4,3,3,4,5,3.5,4
29,1,1,3.0625,4,2,2,3,3,2,4,4,3,3,4,3,3,4,2,4,4,2,3,5,4,3,2,4,3,4,2,4,2,3,2,4,3,3,4,4,5,4,3,2,4,3,3,4,2,3,2,3,2,2,1,3,2,3,3,3,3,2,5,3,4,4,2,3,4,3,4,4,4,3,4,4,4,2,2,2,3,3,4,4,3,2,4,3,4,3,2,2,4,3,3,3,2,3,2,3,4,3,3,3,1,1,1,1,1,2,2,2,2,2,3.3125,2.8125,2.5,3.5,3.4375,1,2,3,3,1,5,2,4
21,1,0,4.1875,3,5,2,4,4,5,2,5,2,2,5,5,3,4,2,3,3,4,3,4,2,2,5,4,4,5,2,4,4,4,1,5,2,4,5,5,3,5,2,3,1,2,3,4,2,3,5,5,3,5,2,3,5,5,2,5,3,3,5,3,4,5,2,3,4,3,2,4,2,2,4,4,4,5,2,3,2,4,2,5,3,2,5,5,4,5,2,2,1,4,4,4,4,3,4,5,5,4,5,5,4,3,2,3,1,4,3,2,3,1,3.875,2.875,2.25,4.6875,2.9375,2.6,2.6,3,4,2,5,2.5,4.5
21,1,0,3.1875,3,4,4,2,4,3,2,3,5,1,5,2,1,4,3,2,1,1,5,4,5,1,3,5,4,4,3,4,4,3,1,4,4,1,5,5,2,4,3,1,1,1,5,3,2,3,5,5,3,4,2,1,4,4,2,4,4,2,5,4,3,4,2,3,1,1,3,2,4,4,1,5,5,4,2,1,4,5,2,3,3,2,4,4,3,3,2,1,1,1,5,4,4,3,2,2,5,4,5,3,2,2,3,3,2,2,2,3,3,2,3.125,2,3.25,3.625,3.0625,2.4,2.4,4,5,3,5,3.5,5
 ,1,0,2.375,3,4,2,4,4,1,3,4,2,4,4,1,3,4,2,4,3,1,3,3,3,4,1,2,2,4,2,4,2,3,3,5,3,4,4,4,2,3,3,3,2,1,3,3,2,4,3,3,4,2,2,3,3,3,4,5,3,4,4,4,3,3,3,4,4,1,4,3,3,4,3,3,4,3,2,3,2,3,3,4,3,3,4,4,4,2,2,3,4,1,3,3,3,3,2,3,4,3,4,3,2,3,2,4,2,3,3,2,3,2,3.0625,3.625,2.5,3.4375,3.1875,2.6,2.6,3,4,3,4,3,4
 ,2,0,2.875,4,4,4,4,4,2,4,3,4,3,5,2,2,3,4,4,3,2,3,3,5,3,4,4,1,3,2,4,2,3,2,3,4,4,5,4,2,2,4,5,2,1,3,3,5,3,4,4,2,3,2,3,4,4,2,4,4,3,4,3,2,2,4,4,5,1,4,3,4,4,3,4,3,2,4,2,4,2,2,2,4,1,5,4,1,1,3,4,4,4,4,4,5,3,2,2,5,4,5,5,3,4,2,4,4,4,3,3,3,4,3.75,3.375,3.875,2.8125,2.5625,3.4,3.4,4,1,4,1,4,1
18,3,0,3.25,2,4,2,2,3,1,4,4,5,2,5,1,3,3,4,2,4,2,5,2,5,4,4,5,4,4,2,4,1,2,3,4,4,2,5,2,5,4,3,4,3,4,3,2,1,3,4,5,5,1,1,2,2,2,3,2,3,4,5,2,4,4,1,4,3,5,5,2,3,5,4,5,5,1,1,1,2,5,4,2,5,1,5,2,5,2,1,5,1,4,4,3,2,4,3,5,5,5,4,4,2,2,1,1,1,2,2,1,1,1,3.375,3.0625,2.6875,2.75,4,1.4,1.4,2,4,2,5,2,4.5
18,2,0,3.375,5,4,2,3,2,5,4,3,1,4,5,1,4,4,4,5,5,2,4,1,3,2,3,3,2,5,4,4,5,4,3,4,4,2,2,5,3,5,5,5,4,2,3,3,4,5,5,5,5,5,4,4,4,5,3,2,5,3,4,5,4,3,4,4,5,3,3,2,5,3,5,4,4,5,4,2,5,1,3,2,2,3,5,2,4,3,4,3,5,2,4,1,1,3,4,5,5,5,4,4,4,3,1,4,2,3,4,1,4,2,4.25,3.4375,3.5,3.25,3.625,2.8,2.8,2,3,1,4,1.5,3.5
35,1,0,4.125,4,1,3,2,3,2,5,5,2,4,5,4,5,5,2,4,4,4,5,4,4,1,5,4,4,4,3,4,4,5,3,5,3,4,4,3,5,5,4,4,5,4,5,4,3,4,5,5,4,1,1,3,5,4,4,4,4,4,5,5,5,3,2,4,5,4,4,3,4,3,2,5,2,2,2,2,2,4,4,5,4,1,4,5,5,5,4,4,5,4,5,4,4,4,4,4,5,4,5,5,3,2,2,2,1,3,2,2,2,1,4.1875,3.25,3.0625,3.75,4.3125,2,2,4,4,4,4,4,4
18,2,0,2.8125,3,5,2,3,2,4,4,5,4,2,3,4,3,4,3,1,2,2,2,4,4,1,2,1,3,5,3,5,4,1,3,5,3,3,4,4,2,4,3,3,2,1,3,4,2,3,2,3,4,5,1,4,3,4,5,5,3,5,3,3,5,4,3,2,2,2,5,3,4,4,4,3,4,4,2,4,1,5,2,4,2,2,4,3,2,5,2,4,1,2,5,4,2,3,2,3,4,3,4,3,2,1,2,1,1,2,1,2,1,1,2.5625,3.0625,2.6875,4.375,3.4375,1.4,1.4,3,5,2,5,2.5,5
21,1,0,4,5,3,4,4,5,5,4,5,3,4,5,5,3,4,2,4,3,2,5,3,4,4,5,5,5,3,1,4,4,1,4,4,5,5,1,4,5,4,4,5,4,3,4,4,4,4,5,4,5,2,2,3,5,4,4,4,4,4,1,5,4,5,4,4,5,3,4,4,5,3,5,4,4,4,2,3,2,5,4,4,4,2,4,5,3,3,4,4,4,4,4,2,4,4,5,5,5,4,5,5,2,2,1,1,1,2,2,1,1,1,3.9375,3.8125,3.5,3.625,4.1875,1.4,1.4,2,4,1,5,1.5,4.5
18,1,.4,4.125,4,4,3,4,3,3,4,4,3,2,4,5,3,4,2,4,4,4,3,4,4,4,3,4,3,4,4,4,3,3,4,4,3,3,4,5,4,3,3,4,3,4,3,4,3,5,4,4,4,4,2,3,4,4,4,4,3,2,1,5,4,4,4,4,4,4,3,4,4,4,4,4,4,4,4,3,3,4,2,5,3,2,4,5,4,4,4,4,4,3,4,3,5,5,4,5,4,3,5,5,2,2,2,2,2,3,3,2,2,2,3.5,3.5625,3.375,3.9375,3.5625,2,2.4,3,4,3,5,3,4.5
22,1,.2,3.9375,5,2,2,4,4,4,4,4,5,4,5,4,5,4,4,5,4,5,4,1,4,5,5,5,5,4,4,5,4,4,2,2,2,4,4,4,5,4,4,5,5,2,4,4,2,4,5,5,5,2,3,4,2,4,1,2,4,2,2,4,5,4,4,5,5,3,4,2,4,5,4,4,2,4,2,4,4,4,1,5,2,2,5,5,4,2,2,4,5,2,5,4,4,5,5,4,5,4,5,5,1,2,2,3,1,2,3,1,2,2,4.25,4.1875,3.25,3.125,3.8125,1.8,2,4,4,3,5,3.5,4.5
18,1,0,4.3125,5,2,3,3,5,2,3,4,1,4,4,3,3,4,4,4,4,4,5,3,2,2,2,4,1,3,2,5,3,5,5,3,3,5,4,5,5,4,2,3,4,3,3,4,2,2,4,5,4,1,2,3,5,5,4,4,4,4,4,4,5,4,3,4,4,5,4,3,2,4,4,5,5,2,4,3,2,5,4,4,2,2,5,4,5,2,3,4,3,5,5,2,4,5,4,5,4,5,5,5,3,2,2,2,2,3,2,2,2,2,3.8125,3.5625,2.6875,3.0625,4.125,2.2,2.2,4,4,3,5,3.5,4.5
19,1,0,3,5,1,2,2,2,4,5,4,4,4,4,2,4,2,2,4,2,2,2,2,1,4,4,4,5,4,2,4,2,2,4,4,4,4,5,4,5,4,4,4,4,1,4,2,1,4,5,4,4,1,2,4,4,2,4,2,4,5,4,4,5,2,4,4,4,1,4,2,2,2,5,4,4,2,2,1,5,4,4,2,2,4,5,5,4,4,1,5,2,1,4,2,2,4,4,4,5,5,4,4,2,3,2,2,2,2,3,2,2,2,3.8125,3.6875,2.4375,2.5,4.1875,2.2,2.2,1,4,1,5,1,4.5
 ,1,1.2,3.3125,3,4,5,2,2,2,4,3,5,1,5,4,3,2,5,3,5,4,3,2,4,5,4,4,2,5,4,4,4,4,4,3,5,2,5,4,4,2,5,5,1,1,3,1,4,4,5,5,4,3,1,2,1,2,2,2,4,4,1,4,5,3,4,5,4,1,4,3,5,3,5,4,5,2,2,2,5,2,1,2,5,2,5,5,5,2,4,5,2,4,4,2,3,4,5,3,5,5,2,3,2,2,2,3,2,4,4,2,3,4,3.6875,3.3125,4.0625,2.5625,3.5,2.2,3.4,2,4,1,5,1.5,4.5
 ,1,0,3,2,5,2,4,2,2,2,5,2,4,5,5,2,5,2,4,3,2,4,4,2,5,2,3,1,5,2,5,2,2,1,5,4,4,5,4,4,5,2,5,4,1,4,4,2,5,4,4,1,5,2,4,4,3,3,4,3,4,4,3,3,5,2,4,4,2,2,3,2,4,4,4,4,5,2,2,2,2,1,5,2,1,5,5,2,5,1,4,4,2,1,4,1,4,4,4,5,4,4,2,2,2,2,2,1,2,2,2,2,1,3.625,3.9375,2.0625,4.625,2.3125,1.8,1.8,5,5,4,5,4.5,5
19,1,.2,3.4375,4,3,3,4,4,3,3,4,3,2,5,3,3,4,4,1,3,3,2,4,3,2,4,4,2,4,3,5,4,3,2,4,2,1,5,4,4,3,3,2,3,3,3,4,1,4,4,4,4,5,1,4,4,4,4,4,3,2,3,3,4,2,2,3,3,3,3,3,2,4,4,4,5,4,4,3,4,3,2,4,2,2,4,4,3,2,2,2,3,4,4,3,3,3,5,3,5,4,5,5,4,3,3,2,3,4,4,3,2,3,3.875,2.75,2.5625,3.5625,3.25,3,3.2,3,4,3,5,3,4.5
17,1,1.4,4.0625,3,5,5,4,5,5,3,4,2,4,3,4,4,5,1,2,2,2,4,4,5,3,4,5,4,5,4,4,4,4,3,4,4,1,2,5,5,3,5,4,2,2,4,3,2,4,4,5,5,4,1,1,5,5,3,4,2,2,2,5,3,5,4,4,3,2,2,2,4,5,4,5,4,4,3,4,5,5,4,5,3,1,5,5,4,1,2,3,2,2,4,2,2,4,2,4,5,5,5,2,1,3,2,1,1,3,3,3,4,2,3.375,3.125,3.0625,3.75,3.6875,1.6,3,4,3,3,4,3.5,3.5
20,2,.4,3.0625,1,2,2,1,1,3,4,5,3,3,4,2,3,3,1,2,2,1,3,3,3,2,4,2,3,3,2,4,2,3,1,4,4,4,2,5,2,3,3,3,2,4,3,2,4,3,2,2,2,3,2,3,4,5,2,3,4,4,2,4,3,3,2,2,2,2,4,3,2,2,4,3,2,3,2,3,4,3,2,4,3,2,2,3,4,3,3,3,2,3,3,4,3,3,3,4,4,4,3,4,2,1,3,2,2,3,2,3,2,2,2.625,2.75,2.6875,3.1875,2.625,2,2.4,4,3,4,5,4,4
19,1,.4,3.3125,4,4,2,4,4,3,3,4,4,4,4,3,3,4,4,4,4,3,4,4,3,4,5,4,4,4,2,4,4,3,3,3,4,2,4,4,4,4,3,3,4,2,4,4,2,4,4,4,4,4,2,4,4,3,3,4,4,2,5,3,4,4,3,3,4,3,4,4,3,4,4,4,5,4,2,4,4,3,2,4,3,2,4,4,4,2,3,2,4,3,3,4,2,3,5,4,5,4,4,5,4,2,3,3,2,4,3,3,3,3,4.1875,3.3125,2.875,3.8125,3.625,2.8,3.2,3,4,3,5,3,4.5
20,1,0,3.1875,3,4,3,2,2,4,1,4,1,2,5,5,2,4,2,2,1,1,4,4,2,2,4,2,1,5,2,4,2,4,2,4,2,4,5,5,4,4,2,2,2,1,4,4,2,2,4,2,2,4,2,2,4,4,2,4,2,4,4,4,4,4,2,2,4,1,4,2,2,4,3,5,1,4,2,2,5,5,1,5,2,2,5,5,4,5,2,2,2,1,1,5,2,4,2,2,4,4,5,3,2,2,2,2,2,2,2,2,2,2,3.375,2.625,2,4.125,2.5,2,2,2,4,2,5,2,4.5
18,1,1,3.1875,5,5,3,3,4,3,3,4,4,4,4,4,4,4,5,2,4,4,4,4,4,3,5,2,3,5,5,5,2,4,4,3,4,2,3,3,2,3,3,3,3,3,4,3,4,3,3,3,2,4,1,3,3,4,4,4,4,3,1,5,5,4,4,2,3,2,3,3,3,3,3,3,3,2,2,3,2,2,4,3,3,3,3,2,2,2,3,3,3,4,2,4,3,3,3,3,3,2,3,3,4,4,4,4,4,5,5,5,5,5,3.0625,3,3.4375,3.5625,3.375,4,5,5,1,3,1,4,1
20,2,.6,1.4375,5,5,5,4,3,4,2,5,2,3,2,1,2,5,2,4,1,1,4,5,4,4,2,2,5,5,5,5,4,1,2,5,2,4,4,1,4,5,4,4,1,1,2,5,4,4,2,2,5,5,2,4,4,2,5,5,2,4,5,1,3,5,1,2,4,1,2,5,5,4,3,2,2,5,5,5,4,1,2,5,3,2,5,1,3,5,2,2,5,1,5,5,4,3,1,1,2,1,1,1,2,1,1,3,1,2,1,3,4,1,3.125,3.625,3.25,5,3.3125,1.6,2.2,3,4,1,5,2,4.5
20,1,.4,3.125,3,5,4,4,1,3,3,5,4,3,4,5,3,5,2,3,5,2,4,4,3,4,3,5,4,5,5,4,4,2,1,5,3,3,3,5,5,5,4,4,2,1,4,5,2,5,5,3,4,5,2,4,5,1,4,5,5,4,5,4,5,5,1,3,4,2,3,5,3,4,5,4,5,5,2,4,4,4,1,5,2,2,4,5,5,4,1,3,2,2,4,5,3,5,4,2,5,4,5,5,2,2,2,2,2,3,2,3,2,2,3.75,3.6875,2.875,4.875,3.625,2,2.4,4,3,4,4,4,3.5
27,1,0,3.6875,4,4,3,3,4,2,3,4,4,4,5,4,3,2,2,4,3,4,4,4,5,2,4,5,4,4,2,4,4,3,4,3,2,2,5,4,4,4,2,3,4,3,4,4,4,4,4,5,4,4,2,2,3,2,4,4,4,3,5,4,3,2,2,4,4,4,3,4,4,4,5,5,4,4,2,2,3,2,4,3,2,3,4,4,2,4,2,3,4,3,4,4,4,3,4,5,4,4,5,5,2,2,2,2,1,2,2,2,2,1,4.0625,3.125,2.875,3.625,3.625,1.8,1.8,4,3,2,4,3,3.5
18,2,0,3.9375,3,4,4,3,4,2,5,4,5,4,5,4,3,5,5,3,1,3,1,4,5,3,2,4,2,4,2,4,3,4,5,4,4,4,5,4,5,4,3,4,1,4,3,5,2,2,4,4,1,5,5,4,3,4,5,4,3,4,2,4,4,5,4,4,4,4,3,4,4,5,5,4,4,2,3,2,4,4,2,4,4,4,5,5,5,2,3,4,2,5,4,3,4,3,2,4,5,4,5,5,2,2,2,1,1,2,2,2,1,1,3.25,3.5625,3.75,3.9375,3.4375,1.6,1.6,3,4,2,5,2.5,4.5
18,1,-.4,3.375,4,2,4,3,1,4,3,4,2,3,4,1,3,3,4,3,1,2,4,4,5,4,2,4,2,5,3,4,2,3,3,4,4,3,4,3,4,4,4,4,1,3,3,4,4,4,4,5,3,1,3,3,2,5,4,4,4,3,5,2,3,4,2,3,2,3,3,4,4,4,1,5,4,4,4,3,4,5,3,4,3,3,5,2,2,3,3,3,1,3,4,4,5,3,1,4,4,4,4,2,4,2,4,3,1,3,2,3,3,1,2.5,3.3125,3.625,3.625,3.25,2.8,2.4,2,4,2,5,2,4.5
18,1,.4,3.125,4,1,2,2,2,4,4,2,5,4,5,2,4,2,2,4,5,2,2,2,2,2,2,2,1,2,2,4,5,2,5,2,2,4,4,5,5,2,2,4,4,2,2,4,1,2,5,4,4,2,1,2,5,4,4,2,4,2,4,5,3,2,2,4,5,3,4,2,1,2,4,3,4,1,2,2,4,2,2,1,2,2,4,5,2,2,2,2,5,3,4,4,2,4,4,2,4,3,2,4,1,1,1,1,1,2,1,1,2,1,4.1875,2.875,2.125,2.0625,3.375,1,1.4,3,4,3,5,3,4.5
19,1,.2,3.25,4,5,2,3,4,3,3,3,5,2,5,3,4,5,4,3,2,2,4,5,5,1,5,4,5,5,2,5,5,2,3,3,4,1,5,4,5,5,3,2,5,2,3,4,2,2,3,4,3,5,2,1,5,3,3,4,4,1,5,3,5,4,4,1,2,2,4,5,4,3,5,5,4,4,1,1,5,4,4,4,4,1,4,5,5,4,2,1,1,2,4,4,5,1,4,4,5,3,5,5,2,2,1,3,1,2,2,2,3,1,4.0625,1.8125,3.3125,4.3125,3.9375,1.8,2,3,4,3,5,3,4.5
19,1,0,3.3125,4,4,3,3,5,1,3,4,4,2,3,5,2,4,2,2,4,3,2,4,5,4,4,2,4,5,4,5,5,1,4,5,4,3,5,4,5,4,5,4,1,3,3,2,4,5,4,5,4,5,1,3,4,2,2,5,2,3,4,4,5,5,4,4,5,3,5,4,5,3,5,4,4,5,2,2,4,2,5,5,5,3,4,4,5,4,2,2,3,5,3,4,5,4,4,5,5,5,4,5,3,3,2,3,2,3,3,2,3,2,4,3.25,3.5625,4.3125,3.75,2.6,2.6,3,4,3,5,3,4.5
24,1,0,2.3125,4,5,2,5,4,4,3,4,2,3,4,1,1,5,2,4,4,2,4,4,4,3,4,2,5,4,2,5,3,2,4,4,2,3,4,3,1,4,2,3,4,1,2,4,4,4,2,3,5,5,2,4,4,4,3,4,4,3,2,2,2,4,2,2,3,1,2,2,4,4,2,4,4,4,2,5,4,2,2,4,2,3,4,3,1,5,4,2,4,1,4,5,3,3,4,2,4,5,4,4,4,2,4,2,2,4,2,4,2,2,3.5,3.5,2.6875,4.1875,2.9375,2.8,2.8,5,2,4,4,4.5,3
19,1,.4,4.4375,4,2,2,2,2,4,4,4,2,4,4,5,4,4,1,2,4,4,4,2,3,2,5,4,4,1,2,4,2,4,2,2,2,2,4,5,4,2,4,4,4,4,4,4,2,4,4,5,4,2,2,4,2,4,4,3,2,2,2,5,4,4,2,3,4,5,4,2,4,4,4,5,4,1,4,2,2,5,2,4,4,3,4,5,4,4,1,2,4,2,3,2,4,4,5,5,5,4,4,5,2,2,2,2,1,3,2,2,2,2,3.5,3,2.5625,2.6875,3.6875,1.8,2.2,5,3,5,5,5,4
 ,1,0,4.0625,4,4,1,3,4,4,4,4,3,2,5,4,2,4,2,2,2,1,4,5,3,1,5,4,4,4,2,4,4,4,4,3,3,2,5,5,5,4,3,2,2,4,3,5,1,3,4,4,4,2,1,2,5,4,3,4,3,1,5,4,5,4,3,2,4,4,2,4,2,5,5,4,5,4,1,2,4,5,5,5,2,1,5,5,4,2,4,1,2,4,4,5,3,2,5,5,4,4,3,4,2,3,2,1,1,1,2,3,2,1,4.125,2.1875,2.3125,3.9375,3.875,1.8,1.8,3,4,3,5,3,4.5
18,1,.2,3.9375,4,5,2,3,4,3,4,4,2,4,5,5,2,5,2,4,5,2,3,4,3,3,4,5,4,4,3,4,4,4,4,5,3,2,5,5,4,4,2,4,5,2,3,4,2,4,5,5,5,4,1,4,5,4,3,4,2,2,4,5,4,5,2,3,5,2,3,3,2,3,5,5,4,3,2,2,5,4,2,4,2,1,5,5,2,4,2,3,4,2,4,3,2,3,5,5,5,5,5,4,2,1,2,3,1,3,2,2,2,1,4.6875,3.0625,2.125,4.0625,3.4375,1.8,2,2,4,2,5,2,4.5
20,1,.2,3.8125,4,4,2,4,5,3,5,4,3,4,4,2,2,5,4,5,2,4,3,4,2,3,2,3,1,5,2,5,4,4,2,4,3,4,2,5,2,4,3,4,3,3,3,4,2,4,3,5,1,5,2,3,4,3,4,4,3,2,4,4,4,4,4,4,2,4,2,3,2,4,3,4,4,4,1,4,4,4,1,4,4,3,4,4,3,2,4,5,1,4,4,3,3,4,2,5,5,4,5,3,2,3,2,3,2,2,3,2,3,3,3.0625,3.875,2.75,3.9375,2.8125,2.4,2.6,3,3,1,4,2,3.5
19,2,1.2,3.1875,3,3,4,4,3,2,4,4,4,1,4,2,3,5,2,3,4,4,3,3,4,2,4,4,2,5,4,4,2,2,2,4,4,4,5,3,2,3,4,4,4,3,4,2,2,3,4,5,4,3,2,3,3,4,5,4,4,4,4,3,1,4,2,5,4,3,4,2,3,2,5,4,4,3,2,2,4,2,4,4,4,1,5,3,2,3,4,4,4,4,5,3,2,2,4,3,4,4,4,5,1,1,1,1,1,2,2,2,3,2,3.9375,3,3.1875,3.4375,3.25,1,2.2,4,3,3,5,3.5,4
 ,1,0,4,4,3,4,3,3,4,4,4,4,2,4,5,4,4,3,2,4,4,4,3,3,2,5,4,4,3,4,3,4,4,4,4,5,2,4,4,5,4,3,3,4,2,4,3,2,3,4,4,4,4,2,3,2,4,4,3,4,2,4,5,4,4,2,2,4,4,4,3,4,2,5,4,4,4,4,2,4,4,4,4,4,2,4,4,4,5,2,2,2,4,4,2,2,2,4,4,4,3,4,2,2,2,2,2,1,2,2,2,2,1,3.8125,2.3125,3.25,3.5625,4.0625,1.8,1.8,4,4,4,5,4,4.5
19,2,0,2.8125,4,2,4,3,2,4,3,5,4,4,4,3,4,5,5,3,3,2,3,4,5,3,3,3,2,4,2,5,2,3,5,4,3,4,4,4,5,5,2,4,2,1,4,4,3,3,4,4,4,2,2,5,2,5,4,5,2,4,2,2,5,5,4,5,4,1,3,4,5,4,3,3,3,4,3,5,2,1,4,5,3,4,5,5,5,4,1,4,3,2,5,4,5,3,3,2,5,3,4,4,1,1,1,1,2,1,1,1,1,2,3,3.9375,3.3125,4.125,3.9375,1.2,1.2,1,4,1,5,1,4.5
 ,1,0,4,4,2,2,1,4,5,2,4,2,4,4,4,4,4,2,2,2,4,4,4,4,2,2,4,5,4,4,4,2,4,4,2,2,2,3,4,4,4,2,2,4,4,4,5,2,4,2,5,2,4,2,2,2,4,2,4,2,4,4,4,2,2,4,4,4,4,2,2,2,5,4,4,4,4,4,4,2,4,4,4,2,4,3,2,4,1,2,2,4,3,4,2,3,4,4,5,4,4,4,3,1,1,1,1,1,1,1,1,1,1,3.125,3.125,2.5625,3.25,3.4375,1,1,3,5,3,5,3,5
18,1,.2,3.125,5,2,4,2,5,2,4,5,5,1,5,3,4,4,5,2,4,3,4,4,5,2,5,3,4,1,4,4,5,3,2,3,4,2,4,4,5,4,4,3,5,4,3,4,4,2,5,2,5,2,4,2,5,1,4,2,4,1,4,2,4,4,4,3,3,5,3,4,5,4,5,5,5,2,4,2,4,4,1,4,4,2,4,4,5,4,3,2,4,2,5,4,4,3,4,3,5,4,4,5,3,4,3,3,2,3,4,3,3,3,4.4375,2.3125,4.1875,3.3125,3.9375,3,3.2,4,3,5,4,4.5,3.5
19,1,.2,3.625,4,3,4,4,3,3,5,5,3,3,5,4,3,5,2,4,1,2,5,3,3,4,3,4,4,4,5,4,4,3,1,5,4,3,5,5,4,4,4,4,4,2,3,3,4,4,3,5,5,3,2,4,4,3,4,5,4,3,5,5,3,4,3,4,4,2,3,3,4,4,4,5,4,3,5,4,3,3,4,5,4,3,4,5,4,4,3,4,5,3,4,4,4,4,4,4,5,4,5,4,2,1,1,1,1,2,2,1,1,1,3.8125,3.75,3.625,3.9375,3.75,1.2,1.4,4,3,4,5,4,4
19,2,.2,3.1875,3,3,2,3,3,3,4,4,2,2,5,3,3,5,2,2,2,3,4,4,2,2,3,3,3,4,2,3,3,3,3,4,4,2,5,4,4,5,2,3,3,2,4,4,2,3,4,3,5,3,2,3,2,2,4,4,4,2,2,4,4,4,1,3,3,4,3,2,2,2,3,4,3,4,2,3,2,3,4,4,3,1,4,3,3,4,1,2,2,3,5,3,2,2,2,4,3,2,4,2,2,2,2,2,1,2,2,2,3,1,3,2.375,2.1875,3.8125,3.6875,1.8,2,2,4,3,5,2.5,4.5
 ,2,.2,2.3125,4,2,4,4,3,2,4,4,2,4,4,2,4,2,2,3,4,2,4,2,4,3,4,2,4,2,2,4,4,2,4,4,4,4,4,2,4,4,4,4,4,4,4,2,4,4,4,4,4,4,2,4,2,2,4,4,4,4,2,2,4,2,4,4,4,2,4,2,4,3,2,2,4,4,3,2,2,2,4,4,2,2,4,2,4,2,2,4,4,3,4,4,4,3,4,2,4,4,2,4,3,2,2,1,1,3,2,2,2,1,3.4375,3.5,3.1875,3,4,1.8,2,2,4,3,5,2.5,4.5
19,1,.6,4,2,2,5,5,2,4,2,1,3,2,4,2,1,1,2,2,3,4,4,4,5,2,1,5,1,2,4,5,2,5,3,2,4,1,4,4,4,4,4,3,2,4,4,4,5,4,4,5,2,2,1,2,4,5,2,3,4,1,2,2,2,5,1,2,5,3,2,2,5,4,4,5,5,4,2,4,2,5,1,3,2,1,5,1,4,2,1,1,4,5,3,2,4,3,2,5,4,3,4,3,3,2,3,2,3,3,3,4,3,3,3.125,2.625,3.25,2.6875,2.625,2.6,3.2,3,4,2,5,2.5,4.5
 ,2,0,4.625,5,3,3,3,4,4,4,4,2,4,5,5,4,3,2,2,2,4,4,2,3,2,3,5,3,4,2,3,4,5,3,4,4,2,4,5,5,4,2,4,2,3,3,4,2,3,4,5,2,3,2,4,4,5,2,4,4,3,3,5,5,5,2,3,4,4,3,2,3,4,4,5,4,3,2,2,4,5,3,4,3,2,5,5,5,4,2,3,2,4,4,2,2,4,4,5,5,4,5,4,2,2,2,2,2,2,2,2,2,2,3.625,3,2.5,3.4375,3.6875,2,2,2,4,2,5,2,4.5
19,2,0,3.625,3,3,4,4,2,3,3,2,4,3,4,3,4,4,3,3,3,4,4,2,3,3,3,4,2,4,3,4,2,3,4,4,4,2,3,4,4,3,3,4,4,3,4,3,3,4,4,4,4,4,4,2,2,4,4,4,4,3,3,2,3,4,3,3,4,3,3,3,4,4,4,4,4,4,4,4,3,5,2,3,3,2,2,4,4,3,2,3,2,4,4,2,4,3,3,4,4,4,4,4,4,2,3,1,2,4,2,3,1,2,3,3.1875,3.4375,3.25,3.5,2.4,2.4,2,4,1,5,1.5,4.5
19,1,.6,3.125,4,2,4,2,2,3,4,4,3,4,4,2,4,3,2,2,4,2,4,3,5,2,4,5,4,5,3,4,3,4,3,4,2,2,4,4,5,4,4,3,4,2,3,4,1,2,5,3,4,3,2,2,2,2,2,3,4,4,5,3,2,4,4,4,4,3,2,2,4,2,4,4,4,3,2,2,5,4,4,4,4,2,4,2,3,5,2,2,3,2,5,3,1,2,4,5,4,2,2,5,1,1,3,2,1,3,2,3,2,1,3.8125,2.5625,2.9375,3.5,3.5625,1.6,2.2,4,4,4,5,4,4.5
22,1,.4,3.625,4,4,3,3,5,3,5,3,3,2,4,4,3,5,3,4,3,3,3,4,3,3,4,5,5,4,3,4,4,4,4,4,3,3,4,4,3,4,3,2,2,3,3,4,2,3,4,4,5,4,2,4,5,3,5,3,3,2,4,4,2,4,2,3,3,4,2,4,4,3,4,3,4,4,3,3,5,3,4,3,2,2,5,4,1,3,2,2,2,3,4,4,3,2,4,4,5,4,4,3,2,2,3,2,1,2,3,2,3,2,3.875,2.8125,2.75,3.8125,3.5625,2,2.4,2,4,2,5,2,4.5
 ,1,.4,4.3125,4,2,3,3,3,4,4,4,4,3,4,5,3,4,2,2,3,4,4,3,4,2,5,5,3,4,3,4,4,3,2,4,4,2,5,5,4,4,4,3,2,4,3,5,3,4,5,5,4,2,2,2,4,2,4,4,4,2,5,5,4,4,4,2,3,4,4,4,3,4,5,5,5,4,2,2,4,4,3,4,3,2,4,5,4,4,4,2,1,4,4,3,4,4,5,5,4,5,5,2,2,2,2,2,1,2,3,2,2,2,3.875,2.6875,3.3125,3.6875,3.6875,1.8,2.2,4,3,4,4,4,3.5
 ,1,0,2.75,4,5,3,4,4,4,4,5,4,4,4,2,2,4,2,2,2,2,4,4,3,2,4,4,2,5,3,4,3,2,2,5,4,3,4,2,2,4,4,2,1,2,4,4,2,3,4,4,2,5,2,3,3,4,3,4,4,4,2,2,2,5,4,2,4,2,2,3,2,4,4,4,4,5,3,4,4,2,4,4,4,2,4,2,3,4,4,2,2,2,4,4,4,3,4,4,4,4,4,2,4,2,4,2,2,4,2,4,2,2,3.3125,3,3.25,4.375,3,2.8,2.8,4,3,4,3,4,3
19,1,.2,4.4375,5,2,3,5,4,3,2,1,5,2,5,5,3,2,2,4,5,5,2,4,5,1,4,4,4,3,4,5,5,4,1,3,5,2,4,5,4,4,1,2,4,4,1,5,5,4,5,4,5,2,3,4,3,5,1,3,4,2,1,5,2,3,5,3,5,5,1,5,5,5,4,5,4,4,4,5,3,2,4,5,5,2,5,5,3,3,5,2,4,5,4,4,5,2,5,5,5,5,5,5,1,1,2,2,1,2,2,2,1,1,4.125,3.125,4.125,3.3125,2.875,1.4,1.6,5,2,4,4,4.5,3
 ,2,.2,3.3125,2,3,4,4,4,4,3,4,4,4,5,1,3,3,4,4,2,2,4,3,5,4,3,5,4,4,3,4,4,2,3,4,4,4,4,4,5,2,4,5,2,1,3,3,5,5,4,4,3,4,3,4,3,2,3,4,4,4,5,4,3,3,3,5,4,3,2,4,5,3,5,5,4,4,2,2,2,4,1,3,3,2,5,5,2,2,2,5,3,3,4,4,5,4,4,4,4,3,3,4,3,4,2,4,1,4,4,2,4,1,3.6875,3.9375,3.75,3.375,3.0625,2.8,3,3,3,1,5,2,4
18,1,0,3.5,5,3,2,4,4,2,5,5,1,4,4,4,5,3,3,5,2,4,4,4,3,1,2,3,4,4,1,4,3,2,2,5,2,4,5,4,5,5,4,4,2,3,3,5,1,2,1,5,3,3,1,4,4,4,3,4,1,4,5,4,5,4,3,4,4,3,4,3,3,3,4,4,4,2,1,2,2,4,2,3,1,2,5,4,5,2,4,4,3,2,5,3,2,3,2,4,5,5,5,4,2,3,2,3,1,2,3,2,3,1,3.25,3.375,2.0625,3.625,4,2.2,2.2,3,3,1,5,2,4
19,2,0,3.4375,4,4,2,4,4,2,5,5,4,4,5,3,3,4,2,4,2,4,5,4,5,3,2,4,2,2,3,4,2,3,2,5,3,4,5,5,4,4,4,5,1,3,3,4,3,4,3,4,3,5,1,3,3,4,1,4,3,3,2,3,3,4,1,4,2,2,3,4,5,3,4,4,2,4,2,3,2,5,2,3,4,2,5,3,4,5,1,2,1,2,4,4,4,3,4,4,5,3,5,2,2,2,1,2,1,2,2,1,2,1,2.9375,3.4375,2.9375,4.0625,3.125,1.6,1.6,2,4,2,5,2,4.5
19,1,-.2,2.5,4,4,1,3,5,2,2,2,2,2,5,2,2,2,2,4,5,2,3,2,1,3,2,3,3,4,2,3,2,3,2,2,2,3,5,3,2,3,1,3,4,2,4,2,1,3,4,4,2,4,2,2,4,2,3,3,1,2,5,2,4,3,2,2,4,2,4,1,1,2,4,3,4,4,2,2,4,2,1,2,2,2,4,2,5,3,1,3,4,3,4,2,2,4,3,3,3,3,3,4,2,3,2,3,4,2,3,2,3,3,4,2.6875,1.5625,2.6875,3.0625,2.8,2.6,4,4,3,5,3.5,4.5
20,1,.4,2.9375,4,4,2,4,3,3,2,4,4,4,4,2,3,4,2,4,2,2,4,4,2,3,4,4,3,4,3,4,2,3,2,4,3,4,4,4,2,4,2,4,2,2,3,4,2,3,4,4,4,4,2,3,3,2,2,4,3,3,5,2,4,3,3,4,2,4,3,2,3,4,4,4,4,4,3,2,4,2,2,4,4,2,4,4,3,4,2,4,4,2,2,3,2,4,4,3,4,3,5,3,2,2,1,2,1,2,3,2,2,1,3.4375,3.5,2.625,3.75,2.9375,1.6,2,4,4,4,5,4,4.5
19,1,-.4,3.375,1,3,2,3,4,4,1,4,4,3,5,1,2,4,3,5,5,2,2,4,4,5,4,4,1,5,2,5,5,3,1,4,4,5,4,5,4,3,3,4,4,2,2,4,2,4,2,4,1,3,1,5,3,3,1,1,5,5,4,5,3,2,3,5,5,1,5,4,4,5,3,5,1,4,1,2,5,4,1,2,3,5,5,5,3,3,1,5,5,2,4,4,4,5,5,4,4,4,1,3,3,2,2,3,2,2,3,1,3,1,4.25,4.4375,2.875,3.375,2.0625,2.4,2,4,2,5,3,4.5,2.5
 ,1,.2,2.6875,2,5,2,4,3,2,2,4,2,3,4,1,4,3,2,3,4,3,3,1,3,3,4,5,1,5,4,4,3,3,4,5,5,4,3,2,5,3,4,4,2,1,4,3,1,4,5,3,4,3,2,1,4,2,2,1,5,5,2,3,4,4,1,4,4,2,3,4,3,4,3,3,3,4,2,4,3,4,3,4,2,3,3,4,2,3,4,4,3,3,3,4,2,4,2,2,4,2,4,2,2,2,2,2,2,2,2,2,2,3,3.25,3.625,2.75,3.5,3.0625,2,2.2,1,4,1,5,1,4.5
21,1,.2,2.75,5,4,2,3,4,4,5,4,2,3,4,2,4,3,2,4,3,2,4,3,2,2,4,3,4,4,2,4,4,3,4,3,3,3,4,2,4,4,2,3,2,2,4,3,2,3,4,4,3,4,2,3,3,4,4,3,3,3,4,2,4,4,2,4,4,2,4,3,3,4,4,4,3,2,2,2,4,2,4,3,2,2,4,2,4,4,2,2,3,2,4,4,2,3,4,4,4,4,4,4,2,3,1,2,2,2,3,2,2,2,3.6875,3,2.1875,3.4375,4,2,2.2,2,4,2,5,2,4.5
27,2,0,3.75,4,3,3,4,3,3,5,3,3,4,4,5,3,3,3,3,3,4,4,4,5,3,3,4,4,4,3,4,4,2,4,4,3,2,4,4,4,4,2,3,2,4,3,4,2,3,4,3,4,4,2,3,3,4,4,3,3,4,4,4,5,4,2,4,4,4,2,3,3,2,4,4,4,4,3,4,2,3,4,4,3,3,4,4,4,2,2,4,4,4,4,4,3,4,4,4,4,3,4,4,2,2,2,3,1,2,2,2,3,1,3.5,3.375,2.8125,3.5625,3.875,2,2,2,4,1,5,1.5,4.5
19,1,1,4,2,4,1,4,4,5,3,5,5,3,5,5,3,4,2,2,4,4,4,4,5,3,2,4,2,5,1,3,4,5,2,5,4,4,5,5,4,5,3,3,2,3,3,5,5,3,4,5,3,5,1,2,2,4,2,5,3,2,4,4,4,5,2,3,4,2,3,5,5,1,5,4,4,5,1,4,1,5,4,5,5,1,4,5,3,5,1,2,1,2,1,5,4,2,2,2,5,5,5,5,2,3,2,1,1,3,4,3,2,2,3.3125,2.625,3,4.8125,2.9375,1.8,2.8,3,4,4,5,3.5,4.5
21,1,-1.2,3.1875,2,3,1,4,3,5,1,3,2,3,3,4,3,3,3,3,3,4,3,3,2,3,3,2,4,3,3,3,3,2,3,3,3,2,3,3,2,3,3,3,4,3,3,3,2,3,3,2,3,3,3,3,3,4,4,3,2,2,3,3,3,3,3,3,3,4,2,3,3,3,2,3,3,4,3,3,3,3,4,2,2,3,3,4,3,4,1,5,1,1,1,1,1,1,4,4,2,2,4,4,3,2,2,3,3,2,1,2,1,1,2.9375,2.9375,2.3125,2.9375,2.75,2.6,1.4, , , , , , 
18,1,0,2.875,5,3,2,3,5,3,4,5,2,4,5,2,4,4,2,5,4,2,4,3,2,5,5,2,5,3,3,5,1,3,4,5,5,3,5,5,5,4,4,4,3,2,3,2,1,4,5,3,2,2,1,4,1,2,4,3,3,5,5,2,4,4,1,4,5,2,5,1,4,4,5,5,5,2,4,3,3,5,2,4,2,5,5,5,4,3,1,4,5,2,5,2,1,4,4,1,3,5,5,5,2,2,2,3,1,2,2,2,3,1,4.125,4.125,2.375,3.125,4.0625,2,2,1,4,1,5,1,4.5
19,1,.4,4.0625,5,5,3,4,5,4,3,3,4,2,3,4,3,3,5,2,2,2,4,4,5,3,3,4,2,2,3,3,4,4,2,3,2,3,2,5,4,4,3,3,2,4,3,4,2,4,2,4,4,5,4,3,4,4,3,4,3,3,2,2,2,3,4,2,1,4,1,4,4,5,2,5,5,5,2,5,4,4,4,3,2,3,4,5,4,2,3,2,1,5,4,4,4,2,3,5,4,2,5,3,2,2,2,2,1,2,3,2,2,2,2.75,3.0625,3.3125,3.625,3.3125,1.8,2.2,3,4,3,4,3,4
19,1,-.2,4.0625,2,5,4,4,3,4,4,5,5,2,5,5,5,5,1,1,2,3,3,4,5,3,5,5,2,5,5,5,2,5,1,5,4,4,2,4,5,5,2,4,1,2,4,4,4,3,5,5,2,5,2,1,2,5,4,5,5,5,3,1,5,4,4,4,3,3,3,5,3,5,5,5,5,5,5,2,4,5,4,5,2,1,5,5,5,4,4,4,2,3,4,4,5,3,5,5,5,5,5,5,2,2,1,3,1,2,1,1,3,1,3.375,3.1875,3.75,4.6875,3.625,1.8,1.6, , , , , , 
19,1,0,3.1875,4,4,3,5,3,2,2,4,4,2,5,2,3,4,2,2,2,2,4,5,4,3,5,2,3,4,3,4,4,2,3,5,4,1,4,4,5,3,4,4,2,4,4,4,2,4,5,5,5,3,2,3,2,3,2,4,2,4,3,2,5,4,2,4,5,4,3,3,3,5,4,5,3,2,4,4,4,4,2,5,2,1,5,3,4,2,4,3,4,4,5,3,3,4,5,3,5,4,5,5,2,2,1,3,1,2,2,1,3,1,3.875,3.3125,3,3.6875,3.5625,1.8,1.8,3,3,4,5,3.5,4
21,1,.4,3.75,5,5,1,1,1,5,3,2,5,4,5,5,1,1,1,5,4,1,5,4,5,5,5,5,5,5,1,5,1,5,1,2,4,1,5,5,5,5,5,5,2,1,5,4,2,1,5,5,5,5,3,5,1,5,5,5,1,5,5,5,5,1,5,5,5,1,4,4,5,4,5,5,5,1,5,1,5,5,3,1,2,1,5,5,5,1,2,2,4,1,4,1,1,5,5,1,5,5,5,5,2,3,1,1,3,3,2,2,3,2,3.9375,3.4375,3,2.9375,4.125,2,2.4,3,4,2,5,2.5,4.5
20,1,.2,2.9375,5,2,2,4,2,2,4,4,4,4,4,1,4,3,2,2,4,2,4,4,5,4,3,3,5,2,2,4,2,2,4,4,4,4,4,4,5,4,2,4,2,4,4,2,5,4,4,4,4,2,2,4,2,3,4,1,3,4,5,2,3,4,2,3,4,4,3,2,5,4,5,4,5,2,2,2,2,2,4,4,2,2,4,4,4,4,1,2,4,2,5,1,5,4,2,4,5,4,4,4,2,2,2,3,2,2,2,3,3,2,3.3125,3.4375,3,2.8125,4.1875,2.2,2.4,4,3,3,4,3.5,3.5
20,1,.4,4.4375,3,5,5,4,5,5,5,5,5,5,3,5,3,3,2,4,1,4,5,5,3,5,5,5,3,5,5,4,1,4,5,5,5,4,5,5,5,2,2,3,1,3,3,5,4,5,5,5,5,4,4,3,2,4,5,5,5,3,2,5,3,5,2,4,1,4,1,4,5,5,5,5,5,4,5,4,1,5,5,5,5,3,5,5,3,4,3,5,1,3,5,2,3,5,5,4,5,5,5,5,4,5,3,2,2,4,5,3,3,3,3,4.125,3.9375,4.25,4,3.2,3.6,5,1,5,2,5,1.5
19,1,0,3.5625,3,3,1,3,4,4,4,4,1,4,5,2,3,5,2,3,3,2,4,3,2,2,4,3,1,4,3,4,3,4,4,4,3,3,5,4,4,4,3,3,3,3,3,4,1,4,5,4,5,4,2,3,5,3,3,2,3,2,4,4,4,4,2,2,4,4,2,3,3,4,5,4,5,2,2,2,4,4,2,3,4,1,5,4,3,2,2,2,3,4,4,3,2,3,5,4,4,4,4,3,4,3,3,2,2,4,3,3,2,2,4.1875,2.8125,2.25,3.375,3.375,2.8,2.8,4,3,4,3,4,3
18,1,.8,2.875,3,2,4,1,3,2,4,4,3,3,5,3,2,2,1,2,2,1,3,2,1,2,4,5,5,1,3,2,2,4,3,2,3,2,5,3,2,4,4,3,4,1,4,1,1,1,4,5,4,1,2,1,2,2,4,1,3,2,5,3,4,4,2,5,4,1,4,2,1,1,5,4,5,1,2,1,4,4,2,4,2,1,5,2,1,4,2,2,1,1,5,2,2,1,2,5,5,5,2,2,2,1,2,2,1,3,3,3,2,1,3.5625,1.875,2.25,2.3125,3.4375,1.6,2.4,3,4,2,5,2.5,4.5
18,1,0,2.75,4,2,4,1,1,4,4,2,2,4,4,2,5,4,1,2,2,1,5,1,1,5,2,2,4,2,1,3,2,3,4,3,2,4,4,4,3,4,2,3,2,2,3,2,2,3,2,2,2,2,2,4,2,4,4,3,4,3,4,2,4,4,2,4,2,2,4,2,2,3,4,4,4,2,2,2,4,4,2,2,3,3,4,3,3,2,4,2,2,2,4,2,2,2,4,3,4,4,4,3,3,2,3,3,2,3,2,3,3,2,2.8125,3,2.25,2.4375,3.6875,2.6,2.6,3,4,2,5,2.5,4.5
19,1,0,4.25,4,2,2,2,4,2,5,4,5,1,5,5,2,4,2,2,5,4,4,4,4,4,5,5,4,5,2,4,4,2,2,4,5,1,5,4,5,4,4,2,4,4,2,4,1,5,4,5,5,2,1,2,4,4,5,4,4,1,4,5,5,4,4,2,5,5,4,4,2,4,5,5,5,4,2,1,4,4,2,4,4,1,5,5,5,4,2,1,5,4,5,4,2,4,5,5,5,4,5,2,2,1,1,1,2,2,1,1,1,2,4.5625,2.3125,2.875,3.8125,4,1.4,1.4,3,4,3,5,3,4.5
21,2,0,2.75,4,5,5,2,5,1,2,5,2,4,1,5,2,5,5,5,5,2,4,2,4,2,3,2,2,5,5,4,5,2,2,3,5,3,3,5,4,4,4,2,2,1,2,4,2,4,4,2,4,5,3,4,5,2,4,4,2,3,1,4,1,4,4,4,4,2,4,3,4,5,2,4,2,5,5,5,4,2,4,4,4,2,4,5,2,2,4,4,5,2,5,5,4,4,4,3,4,2,4,5,2,2,2,2,1,2,2,2,2,1,3.5625,3.5625,3.875,4.0625,3,1.8,1.8,3,4,3,5,3,4.5
21,1,0,3.125,3,2,3,3,3,4,2,3,3,1,3,4,4,3,4,3,2,2,3,4,3,2,3,2,4,2,3,3,4,3,2,3,4,4,3,3,2,3,3,3,3,3,2,4,2,3,4,3,2,3,2,4,2,3,3,4,3,4,2,5,4,5,2,3,2,4,4,4,3,2,3,4,3,2,3,1,3,3,2,1,5,2,2,3,3,2,2,4,2,2,2,2,2,2,2,2,4,4,3,3,1,3,2,3,1,1,2,3,2,2,2.6875,2.75,2.9375,2.9375,2.8125,2,2,2,4,1,5,1.5,4.5
19,1,0,3.8125,5,3,3,3,5,2,4,4,3,4,4,5,3,5,4,4,4,2,4,3,3,2,3,4,4,4,5,4,4,4,2,4,2,3,4,3,5,4,3,4,2,4,3,4,1,3,3,3,4,2,3,5,5,4,4,4,4,2,4,4,2,5,3,5,3,4,3,2,2,4,5,4,2,4,2,5,5,5,2,4,3,1,3,4,5,2,4,2,4,4,3,4,3,4,4,5,5,5,5,5,4,4,3,2,3,4,4,3,2,3,3.875,3.4375,3,3.625,3.4375,3.2,3.2,4,3,4,4,4,3.5
19,1,-.2,3.8125,5,4,4,4,5,3,5,4,4,4,4,4,4,5,3,4,4,4,4,3,4,3,4,3,5,4,4,4,5,2,4,4,4,3,4,5,5,4,4,5,4,3,4,4,2,5,4,5,5,4,3,4,4,4,5,4,3,4,1,4,5,5,3,4,5,4,4,3,2,5,5,4,5,4,4,4,5,4,4,5,4,4,4,4,5,4,2,4,5,4,5,3,4,4,5,4,5,4,5,5,3,1,1,2,2,2,2,1,1,2,4.25,4.0625,3.375,4,4.625,1.8,1.6,3,4,2,5,2.5,4.5
21,1,0,3.9375,2,4,3,4,4,4,2,4,4,4,5,2,1,5,4,2,4,3,3,4,5,2,4,5,1,4,2,5,3,4,2,4,4,2,4,5,2,5,2,3,2,3,2,5,4,4,2,5,1,5,1,2,3,4,3,5,2,2,4,5,2,5,3,4,4,3,1,4,4,4,4,5,4,5,2,4,2,5,2,4,3,1,5,4,1,4,2,2,3,2,2,4,4,3,1,4,5,4,5,3,1,2,1,2,1,1,2,1,2,1,3.375,3,3.0625,4.4375,1.9375,1.4,1.4,3,4,2,5,2.5,4.5
19,1,0,3.1875,4,5,5,2,2,2,5,4,2,1,5,2,4,5,2,2,4,2,4,4,4,2,4,5,5,5,5,5,5,2,2,4,2,2,5,5,5,4,4,5,2,2,2,4,5,2,2,4,1,5,4,4,4,4,2,4,5,1,4,2,4,4,2,5,2,2,1,3,2,2,4,5,2,4,5,2,2,4,2,4,4,1,5,2,5,2,2,4,1,4,5,2,2,2,2,4,5,5,5,4,2,3,2,1,3,2,3,2,1,3,3.3125,2.625,3.4375,3.9375,3.3125,2.2,2.2,3,4,1,5,2,4.5
18,1,1,2.625,4,4,2,4,2,2,4,2,2,4,4,2,4,5,2,5,4,4,5,2,3,4,3,4,5,2,2,4,2,2,4,2,2,4,2,2,5,5,2,4,4,3,4,2,1,4,2,3,5,4,4,4,3,2,4,4,3,3,2,2,4,5,2,5,5,3,2,2,2,3,4,2,4,2,4,2,4,4,2,4,4,3,4,2,4,5,1,2,5,3,5,2,2,4,4,2,4,2,2,3,2,1,2,2,1,3,2,3,3,2,3.375,3.6875,2.375,3.25,4.0625,1.6,2.6,4,3,4,3,4,3
22,1,.6,2.875,4,3,4,4,3,2,4,4,2,2,4,4,3,5,2,2,2,3,4,4,2,4,1,2,2,4,3,4,4,3,4,4,4,2,3,4,2,4,4,3,2,2,3,4,2,4,4,4,2,2,2,3,3,2,2,3,4,3,4,3,2,4,4,3,3,1,3,3,4,4,4,4,4,4,3,3,4,2,2,4,4,2,4,4,3,4,4,4,2,3,2,3,4,3,2,3,4,3,4,3,2,2,2,2,2,2,2,3,3,3,3.0625,3.125,3.25,3.6875,2.875,2,2.6,3,4,1,5,2,4.5
21,1,0,3.25,5,4,2,3,4,4,4,4,3,3,5,3,3,4,2,3,2,2,3,4,4,3,2,3,4,5,3,4,4,3,2,4,3,3,4,5,3,5,3,3,2,2,2,4,2,3,4,3,4,4,1,4,4,3,4,4,3,3,5,3,2,4,2,3,3,4,2,4,3,4,3,5,2,3,2,3,3,3,3,5,3,2,5,5,4,5,1,3,2,2,4,3,2,3,3,2,5,4,5,3,2,2,2,2,1,2,2,2,2,1,3.4375,3.125,2.4375,4.125,3.1875,1.8,1.8,4,3,3,4,3.5,3.5
18,1,-.4,3.3125,4,2,3,4,5,2,3,3,4,1,5,2,3,4,4,2,4,4,4,4,4,1,5,4,2,5,3,4,4,2,1,3,4,2,5,5,4,4,2,2,5,3,3,5,2,3,3,1,5,2,2,2,5,4,1,1,3,2,5,3,2,4,2,1,5,4,3,2,5,2,5,5,4,2,2,2,5,2,1,2,2,1,5,2,2,2,4,2,1,5,4,2,3,2,4,5,5,3,5,5,3,2,1,3,2,2,2,2,2,1,4.4375,2.0625,3.0625,2.9375,2.875,2.2,1.8,3,4,2,5,2.5,4.5
22,1,0,3.25,5,4,2,2,2,2,5,5,2,3,4,3,2,5,1,2,2,4,4,4,4,2,3,4,4,4,2,4,4,2,4,4,4,4,5,5,5,5,2,2,5,1,2,5,1,4,3,5,1,5,2,3,4,4,2,5,2,4,5,2,5,3,4,2,4,1,1,4,4,5,4,5,4,4,2,2,5,2,4,4,4,1,5,5,4,5,2,2,5,3,4,4,2,4,5,4,5,5,5,5,3,2,2,2,1,3,2,2,2,1,4.0625,2.875,2.5,4.375,3.5,2,2,3,4,2,5,2.5,4.5
19,1,-.2,3.125,2,5,3,5,2,1,5,5,2,4,5,4,3,5,2,3,5,3,3,4,4,3,3,2,2,5,3,4,2,2,3,5,3,4,4,4,2,5,3,5,2,2,3,4,3,3,4,4,5,5,1,3,2,1,2,5,4,4,5,3,4,4,4,5,4,3,3,2,3,2,5,5,5,5,1,3,2,2,4,5,3,5,4,5,4,4,4,4,3,5,2,4,2,4,4,4,5,5,2,2,2,2,1,3,1,2,2,1,2,1,3.5,3.8125,2.8125,4.5,3.25,1.8,1.6,2,3,3,4,2.5,3.5
18,2,.6,3.5,2,2,2,4,4,4,2,4,1,4,2,4,4,3,2,2,3,2,4,4,4,4,2,3,4,2,3,4,3,2,4,4,2,3,2,4,5,4,2,3,2,3,4,4,4,4,2,4,2,2,2,4,2,3,3,2,4,4,4,4,4,4,2,2,3,4,4,2,4,4,2,4,4,2,4,4,2,3,4,4,4,4,2,4,3,4,2,4,2,4,3,2,4,4,3,4,4,4,3,2,3,2,3,2,3,4,4,3,2,3,2.5,3.625,2.875,3.0625,3.5,2.6,3.2,3,3,3,3,3,3
18,1,-.2,4.5,4,3,5,4,4,2,3,4,4,3,4,5,4,2,4,3,2,5,3,4,4,4,5,5,2,4,5,3,2,5,2,4,4,2,4,5,3,4,4,3,4,3,3,4,4,5,4,5,4,2,5,2,4,4,3,5,2,2,4,5,4,4,4,4,4,4,3,4,4,4,4,5,4,4,5,2,2,5,2,4,4,2,4,5,3,3,4,3,3,4,4,4,4,3,4,5,5,5,5,4,3,3,3,4,2,3,3,3,3,2,3.625,3.0625,4.125,3.6875,3.1875,3,2.8,3,4,3,4,3,4
18,1,-.4,2.8125,4,2,2,4,5,1,4,4,2,4,5,2,2,5,2,5,5,2,4,4,4,4,4,2,4,4,2,5,4,2,4,4,1,4,4,4,4,5,4,5,4,3,3,4,2,4,4,4,2,4,1,3,4,1,5,4,4,2,5,4,4,4,2,4,4,3,4,4,3,4,5,3,5,2,4,2,5,2,4,4,2,4,5,5,4,2,4,5,5,3,5,2,4,4,5,4,5,3,5,5,4,2,1,4,1,2,1,2,4,1,4.5625,3.9375,2.6875,3.625,3.875,2.4,2,2,4,1,5,1.5,4.5
19,1,0,3.875,2,2,2,2,3,5,1,4,4,2,5,3,2,5,2,2,4,2,4,2,2,1,2,5,1,4,3,3,4,4,1,4,3,1,4,2,4,4,4,4,5,4,4,4,2,2,4,5,2,4,2,1,2,4,1,4,4,1,2,4,1,4,4,4,4,4,2,2,2,4,4,5,1,4,2,2,5,4,1,3,2,1,5,4,2,4,2,2,4,3,1,4,2,1,4,4,4,2,5,4,2,2,3,4,2,2,2,3,4,2,3.8125,2.0625,2.625,3.625,1.875,2.6,2.6,3,4,2,5,2.5,4.5
 ,2,-.2,2.875,4,2,3,2,2,2,4,3,3,3,4,2,3,4,2,2,2,2,2,3,3,2,2,5,2,4,2,2,2,5,2,3,3,2,4,4,5,2,2,2,2,2,4,2,3,3,2,5,2,4,2,1,3,2,2,2,2,2,4,2,3,4,2,4,4,2,1,3,2,2,3,4,1,4,2,1,4,2,4,2,2,2,5,1,1,2,2,2,2,2,4,2,2,1,2,4,3,2,4,2,3,1,2,3,1,2,1,2,3,1,2.9375,2.0625,2.3125,2.875,2.75,2,1.8,1,4,1,5,1,4.5
19,1,-.2,2.625,2,3,3,4,5,1,3,4,2,2,5,3,1,3,2,4,4,2,3,2,2,3,4,3,2,5,2,5,3,4,2,4,3,4,4,4,4,2,2,4,2,1,3,4,2,3,4,3,2,4,1,4,5,2,4,4,3,2,3,2,2,2,2,4,4,2,2,2,4,5,4,4,2,5,3,4,3,2,2,2,3,1,4,4,1,1,3,4,2,1,2,3,2,3,3,4,5,4,5,1,2,2,1,3,1,2,2,1,2,1,3.6875,3.5,2.4375,3.125,2.3125,1.8,1.6,2,4,2,5,2,4.5
18,1,0,3,4,4,2,4,3,2,4,4,3,4,4,2,4,4,3,2,4,2,3,2,3,2,3,3,2,5,3,4,2,3,3,4,3,3,3,4,4,4,2,4,4,2,3,3,2,4,3,4,2,4,2,3,3,2,4,4,4,4,2,3,2,4,2,3,4,3,4,3,3,4,3,4,3,3,2,4,4,3,2,4,3,2,4,4,4,4,2,4,4,3,2,4,3,4,4,4,4,3,3,4,3,2,2,3,1,3,2,2,3,1,3.375,3.4375,2.625,3.75,3.125,2.2,2.2,4,3,2,5,3,4
21,1,.6,3,3,3,4,3,4,4,3,4,2,3,5,4,1,3,4,1,3,1,3,3,2,3,2,3,2,3,3,3,3,3,3,3,4,1,4,4,2,3,3,3,3,3,2,3,3,3,3,3,3,3,2,1,4,3,3,2,3,3,3,3,3,3,5,3,2,3,3,3,2,3,4,3,3,3,3,2,4,3,3,4,3,3,2,3,3,3,3,3,3,2,1,3,5,4,3,3,3,3,3,4,4,2,2,3,1,3,3,4,3,2,3.25,2.625,3.1875,3.0625,2.5625,2.4,3,3,4,2,5,2.5,4.5
19,1,0,3.75,4,5,2,4,4,2,2,4,2,2,4,4,4,4,2,2,2,2,4,4,2,2,4,4,4,4,4,4,4,1,2,4,4,1,5,5,5,5,4,2,1,4,4,4,2,2,4,5,4,5,2,4,5,4,4,2,4,2,5,4,4,4,4,2,2,4,4,4,2,2,2,4,4,4,2,2,4,4,4,4,4,1,4,5,5,5,2,2,1,4,4,4,2,2,2,4,5,4,5,4,1,1,1,1,1,1,1,1,1,1,3.3125,2.25,2.75,4.125,3.875,1,1,2,4,2,5,2,4.5
19,1,.2,3.5625,4,3,3,3,4,4,2,3,4,4,4,4,3,3,3,4,3,3,4,4,4,2,5,4,3,3,4,4,3,4,4,4,4,3,4,5,3,4,5,4,3,4,3,4,3,3,4,2,2,3,4,3,4,3,3,4,4,3,4,3,2,4,4,3,2,3,3,3,5,3,4,4,4,4,3,3,4,2,2,4,4,3,4,4,3,3,4,3,2,4,3,3,4,4,5,4,5,5,4,4,3,2,1,2,2,3,2,2,1,3,3.6875,3.25,3.875,3.5,3,2,2.2,3,3,2,5,2.5,4
20,1,1,2.3125,4,4,2,3,2,2,5,4,4,2,4,2,4,3,4,4,2,2,2,3,4,2,3,4,2,2,2,4,5,4,3,2,2,3,5,2,3,4,1,3,2,1,3,3,2,2,3,3,4,4,1,2,5,2,4,2,2,2,2,2,2,4,2,3,2,1,4,4,4,3,2,3,2,1,2,2,2,2,3,2,3,2,4,4,4,4,2,2,2,1,2,4,4,2,3,2,4,3,2,4,2,2,1,1,4,4,3,2,2,4,3,2.5625,2.5625,3.125,3.1875,2,3,4,3,5,3,4.5,3
19,1,0,2.375,1,4,4,2,4,2,3,4,2,4,4,2,2,4,2,3,2,2,3,2,4,2,3,4,4,4,2,4,2,2,2,4,2,4,4,4,2,4,2,4,2,1,2,3,2,3,2,3,1,4,2,3,2,2,3,4,2,4,4,2,2,4,2,4,2,2,2,2,4,2,2,4,2,4,2,2,2,2,2,4,2,2,5,2,3,4,2,4,2,2,3,4,3,3,2,2,2,2,2,2,2,2,2,3,2,2,2,2,3,2,2.75,3.125,2.4375,3.6875,2.3125,2.2,2.2,2,4,2,5,2,4.5
20,1,.2,3.0625,2,3,5,4,2,3,3,4,5,2,4,2,3,4,5,4,2,3,4,3,5,4,4,4,4,4,4,4,3,2,2,3,4,2,3,5,5,4,4,4,2,3,3,5,4,5,5,1,1,4,5,4,2,3,4,4,4,2,2,2,4,4,4,4,4,3,2,3,3,5,5,5,4,4,4,5,2,2,1,4,3,2,3,4,4,2,2,4,4,3,4,3,4,4,4,4,5,4,4,5,4,3,2,3,2,4,3,3,3,2,3.1875,3.6875,4.0625,3.625,3.125,2.8,3,3,3,4,5,3.5,4
19,1,1,3.5,1,3,2,3,5,5,1,4,2,2,3,3,2,4,3,1,1,2,3,3,4,2,3,4,4,3,3,3,3,4,3,3,3,1,3,4,4,4,5,2,2,3,3,3,3,3,3,4,4,3,2,3,3,2,3,2,3,2,2,5,3,3,4,3,2,3,3,3,4,4,4,3,4,3,2,2,2,4,3,3,3,1,3,3,4,4,3,2,2,3,3,2,2,2,2,4,3,4,4,3,2,2,2,1,1,2,2,3,3,3,2.6875,2.25,3,3.125,3,1.6,2.6,2,4,1,5,1.5,4.5
21,1,0,2.9375,4,5,3,4,4,2,5,4,2,4,4,2,3,4,3,4,3,4,4,3,4,4,4,4,4,3,3,4,4,3,5,4,4,4,3,2,5,3,2,4,2,2,3,4,3,4,2,4,5,4,1,3,4,2,2,4,3,4,3,4,4,3,3,4,3,2,4,4,4,4,4,3,5,2,2,2,4,3,4,3,3,4,4,4,5,3,3,3,3,3,5,3,4,3,3,3,4,3,4,3,2,2,2,3,2,2,2,2,3,2,3.375,3.6875,2.9375,3.5,4.1875,2.2,2.2,3,3,2,4,2.5,3.5
19,1,.6,2.75,4,1,2,3,1,1,2,2,4,1,5,2,4,2,4,4,4,2,4,4,5,2,5,4,2,4,2,4,2,5,2,2,4,2,5,5,3,4,5,5,3,1,4,4,1,5,5,3,1,1,1,5,5,1,1,1,5,3,5,2,5,4,1,5,5,1,4,4,5,2,5,4,1,1,1,2,2,4,1,2,4,1,5,4,2,2,2,3,4,1,4,2,4,2,4,4,5,4,5,5,2,2,4,4,2,3,4,4,4,2,4.0625,3.0625,3.125,2.5,2.75,2.8,3.4,4,2,4,2,4,2
19,1,.4,2.625,3,2,2,4,4,2,3,4,2,4,4,4,2,4,2,2,4,2,4,4,4,3,3,2,4,4,2,4,4,2,2,3,2,2,4,4,2,4,2,4,2,2,2,4,2,4,2,3,4,1,1,3,3,2,4,3,2,5,4,4,2,4,3,4,4,2,3,2,4,4,4,3,4,3,2,4,4,2,2,4,2,2,4,4,2,3,2,2,4,2,4,4,4,3,2,2,4,3,2,4,2,2,2,1,1,2,2,2,2,2,3.5,3.375,2.375,3.3125,2.9375,1.6,2,2,4,1,5,1.5,4.5
19,1,.4,3.1875,4,3,4,3,4,2,2,3,4,4,5,2,4,2,4,4,4,2,4,2,4,2,4,5,2,2,4,4,2,3,4,4,4,2,5,4,4,3,4,4,3,2,3,4,2,4,4,3,4,2,2,4,4,3,2,4,4,2,3,4,4,4,2,5,4,2,2,3,4,4,3,4,4,2,4,2,4,4,4,2,4,2,5,4,4,3,4,3,4,3,4,2,4,4,5,4,5,4,5,4,2,1,1,2,1,2,2,2,2,1,3.9375,3.3125,3.625,2.8125,3.4375,1.4,1.8,4,2,4,3,4,2.5
18,1,.4,2.3125,2,1,1,3,5,2,1,2,4,3,4,2,2,3,4,4,3,1,3,5,4,4,5,4,2,5,1,4,5,2,1,3,2,3,4,4,5,3,4,4,2,1,2,4,1,4,5,2,1,1,1,4,5,3,3,2,4,4,5,1,5,4,1,5,4,2,3,2,4,4,5,4,5,4,1,2,4,4,1,4,2,1,5,2,5,2,4,4,2,1,4,5,2,3,5,2,4,3,3,5,2,1,1,1,1,3,1,1,2,1,4.25,3.5,2.5,3.125,2.8125,1.2,1.6,2,4,1,5,1.5,4.5
19,1,0,3.8125,4,4,3,3,4,4,4,3,4,2,4,2,3,4,5,3,2,4,4,4,4,2,4,4,4,4,4,4,4,4,3,3,3,2,4,4,4,4,4,2,2,4,4,4,2,3,4,4,4,4,3,2,3,4,3,2,4,2,3,2,3,4,3,3,3,4,2,4,2,4,4,5,4,4,3,4,4,4,2,4,3,2,3,4,4,4,3,2,3,4,4,3,3,4,4,4,4,3,4,5,1,2,2,1,1,1,2,2,1,1,3.4375,2.75,3.3125,3.6875,3.5,1.4,1.4,3,4,3,5,3,4.5
19,1,0,4,1,4,4,4,4,4,2,4,4,2,4,4,2,4,2,4,2,4,3,4,4,2,2,4,4,4,2,4,4,4,2,4,2,2,4,4,2,4,2,2,2,4,3,4,2,2,4,4,2,4,2,2,4,4,2,4,4,2,4,4,2,4,2,4,2,4,2,4,4,4,4,4,4,4,3,4,4,4,2,4,4,2,4,4,2,4,2,2,4,4,2,4,4,2,4,4,4,4,5,4,2,2,2,2,1,2,2,2,2,1,3.5,2.75,2.9375,4,2.3125,1.8,1.8,2,4,2,5,2,4.5
18,1,.2,3.125,4,5,1,4,3,2,4,2,1,1,5,5,1,4,1,2,1,4,5,4,5,1,2,3,3,5,1,5,5,3,3,3,2,1,5,5,5,5,1,2,2,3,4,5,4,1,5,3,5,4,2,1,5,1,5,3,1,1,4,4,3,5,1,1,1,3,5,4,5,4,5,3,5,4,2,3,4,1,5,4,3,1,3,5,4,5,1,1,1,3,5,4,5,1,1,2,5,5,5,5,3,2,2,2,1,3,2,2,2,2,3.25,1.875,2.25,4.125,4.125,2,2.2,3,3,2,5,2.5,4
19,1,1,4.3125,4,3,4,2,2,5,4,4,4,4,5,5,4,4,4,5,1,3,4,2,4,4,2,4,4,3,3,4,2,4,4,3,4,4,4,5,4,4,4,5,1,4,4,2,2,2,4,5,4,2,1,4,1,3,2,3,4,5,4,5,4,4,4,5,1,4,4,3,4,4,3,4,4,2,2,2,4,4,2,4,3,2,4,5,3,2,3,4,1,4,3,2,3,4,3,5,5,4,5,4,3,2,2,3,2,4,3,3,4,3,2.625,3.75,3.3125,2.9375,3.625,2.4,3.4,4,3,4,3,4,3
21,1,0,3.1875,1,4,1,4,5,2,2,4,2,4,5,3,1,5,2,2,5,2,4,4,4,2,4,4,2,4,2,4,4,2,4,4,2,2,5,4,1,4,4,4,2,4,4,4,1,4,5,4,1,4,2,3,5,2,1,4,2,4,4,2,2,4,4,2,4,3,2,2,4,4,5,3,4,4,2,4,5,4,1,2,2,4,4,4,2,4,2,2,4,4,2,4,2,2,4,4,4,4,4,4,2,3,2,3,1,2,3,3,2,1,4.375,3.1875,2.375,3.8125,2.125,2.2,2.2,3,3,3,4,3,3.5
21,1,.4,4.1875,5,1,4,2,3,2,5,3,3,4,5,4,4,4,1,4,3,2,4,5,4,4,3,5,5,2,4,3,3,4,5,5,4,2,5,5,4,5,2,5,3,5,4,3,2,2,4,5,5,1,4,3,5,3,5,3,3,4,5,4,5,4,2,4,4,5,5,3,3,2,4,5,5,2,5,1,2,3,4,4,3,4,5,5,2,5,2,5,4,5,4,3,4,2,2,5,4,3,5,4,1,2,2,3,1,2,3,2,3,1,3.75,3.1875,3.125,3.3125,4.4375,1.8,2.2,3,4,3,5,3,4.5
19,1,0,3,4,5,3,4,4,3,4,3,2,2,5,1,3,4,2,2,3,2,4,2,2,1,5,3,5,4,3,3,3,5,3,2,2,1,5,5,5,3,4,2,3,2,3,2,1,3,4,3,4,5,1,2,5,3,3,1,4,2,4,2,4,2,3,2,4,5,4,4,3,2,5,3,4,4,2,2,4,3,3,1,4,2,5,2,4,3,2,2,3,2,4,3,1,2,4,4,5,3,4,5,1,2,2,3,1,2,2,1,3,1,4.125,2.125,2.4375,3,3.8125,1.8,1.8,1,4,1,5,1,4.5
19,1,.2,3.875,4,2,4,4,4,4,4,4,4,3,5,4,3,2,1,4,4,3,5,3,4,3,5,5,3,4,3,4,4,4,3,4,3,2,5,3,4,4,1,3,4,4,4,3,4,3,4,5,2,2,1,3,4,2,2,4,2,1,4,4,4,4,3,3,4,4,2,3,4,5,5,5,4,4,2,2,3,4,2,4,2,1,4,4,5,3,2,2,5,3,5,3,4,3,5,4,5,4,4,4,3,2,2,3,2,3,3,2,3,2,4.3125,2.875,2.75,3.3125,3.5,2.4,2.6,3,4,2,5,2.5,4.5
19,1,0,3.3125,4,3,4,2,4,2,4,3,5,2,5,1,3,4,3,4,2,5,4,4,5,4,5,4,5,3,4,5,2,3,4,4,5,4,5,5,5,4,5,5,1,2,4,3,5,3,5,5,4,2,2,2,4,3,2,2,5,3,5,3,4,4,4,4,2,3,3,4,5,4,4,4,5,2,2,1,2,3,3,2,3,2,4,2,4,3,3,3,1,3,4,3,5,3,4,5,5,5,5,5,2,2,3,3,1,3,2,2,3,1,3.4375,3.1875,4.0625,3.125,3.875,2.2,2.2,3,4,2,5,2.5,4.5
22,1,0,3.5,5,4,2,3,5,5,4,4,1,5,5,2,4,5,2,4,2,1,5,5,3,1,3,4,4,2,2,4,4,2,2,5,2,2,5,5,5,4,4,2,2,3,4,4,2,4,4,4,3,5,2,3,5,5,4,5,4,2,5,4,4,4,4,2,2,3,4,4,3,4,4,5,4,4,2,1,2,1,4,4,2,2,4,5,4,5,4,2,2,2,4,3,4,2,5,5,4,4,5,4,2,2,2,2,1,2,2,2,2,1,3.6875,2.6875,2.6875,4.1875,4,1.8,1.8,2,5,2,5,2,5
21,1,0,2.375,4,4,2,1,4,2,4,4,4,4,4,2,3,5,4,2,5,2,5,2,2,1,4,2,5,2,2,4,5,2,2,4,2,2,4,4,5,5,2,4,4,1,4,4,1,2,4,2,5,4,1,2,2,2,2,4,1,2,4,4,2,2,2,2,4,1,2,2,3,2,4,5,4,4,2,4,4,2,4,3,2,2,5,2,4,4,4,3,4,1,2,4,2,4,4,4,5,5,5,4,1,1,1,1,1,1,1,1,1,1,4.0625,2.5625,2.25,3.5625,3.5625,1,1,2,4,3,5,2.5,4.5
22,1,-.2,3.875,4,4,4,4,3,4,3,4,4,4,4,4,3,4,2,3,4,2,3,4,4,2,2,4,3,4,4,4,2,4,2,4,2,2,4,4,2,4,4,2,2,4,4,2,2,4,4,4,2,4,2,2,4,4,2,4,4,2,2,4,4,4,4,4,4,4,2,2,4,4,4,4,4,4,4,4,4,4,4,2,4,2,4,4,2,1,4,2,4,4,2,3,4,2,4,4,4,4,4,4,3,2,3,3,2,2,3,2,3,2,3.4375,2.9375,3.5,3.375,2.875,2.6,2.4,3,3,4,3,3.5,3
18,1,0,3.0625,4,4,4,4,4,2,4,5,5,4,2,2,4,5,5,5,2,2,4,4,5,5,4,2,4,4,4,4,2,2,2,5,5,4,2,2,4,4,4,5,4,4,4,4,2,5,4,4,4,4,1,4,4,1,5,5,4,4,4,4,1,4,2,5,5,2,2,2,4,5,4,4,4,4,4,5,4,4,2,4,4,4,4,5,4,1,4,4,4,4,5,2,4,5,5,5,5,4,2,4,2,2,1,2,1,2,2,1,2,1,3.625,4.5,3.8125,3.8125,3.5625,1.6,1.6,3,4,2,4,2.5,4
21,1,.4,3.875,5,2,4,2,2,3,4,4,4,4,4,4,4,4,4,4,4,3,4,2,2,4,4,3,4,2,4,4,4,5,1,4,3,4,2,4,5,5,4,4,3,4,4,4,2,4,4,4,2,2,2,4,2,4,2,3,4,3,3,4,4,4,4,4,2,4,2,2,2,4,4,5,2,4,5,4,3,4,2,5,4,2,4,4,4,2,4,3,2,4,4,3,4,4,2,3,4,3,4,4,4,3,2,2,1,4,3,3,3,1,3.0625,3.625,3.5,3.25,3.3125,2.4,2.8,4,3,4,5,4,4
22,1,1,4.3125,4,4,3,4,5,4,3,4,4,3,5,4,2,5,2,3,4,4,4,4,2,3,5,4,1,5,4,4,4,4,4,5,5,1,5,5,5,5,4,2,4,4,4,5,2,4,4,4,2,4,1,3,4,4,3,5,3,1,5,5,4,5,4,3,5,3,3,3,2,4,5,5,3,4,3,3,5,5,1,5,4,1,5,5,4,5,2,1,5,4,3,4,3,3,5,5,5,4,5,5,2,3,2,3,1,3,3,4,4,2,4.6875,2.6875,3,4.5,3.125,2.2,3.2,3,4,4,4,3.5,4
19,1,0,3.6875,2,4,4,4,4,3,1,4,4,3,5,5,2,3,4,3,4,5,3,3,4,4,4,2,5,4,4,5,4,3,1,4,4,3,4,5,4,2,4,5,3,4,2,4,3,5,4,5,1,4,2,3,5,3,1,3,2,3,4,1,4,4,4,5,3,5,4,4,5,4,5,3,1,4,2,2,5,1,5,4,2,2,5,5,2,3,4,3,2,5,1,3,4,4,4,4,4,5,5,5,2,1,2,3,1,3,2,1,2,1,4.0625,3.625,3.5,3.5625,2.4375,1.8,1.8,3,4,2,5,2.5,4.5
18,1,0,3.8125,5,3,3,4,4,4,4,4,2,4,5,4,4,5,2,3,5,4,4,4,3,4,4,5,2,1,2,4,3,3,3,3,4,3,5,3,5,4,5,4,4,3,3,3,2,4,4,5,5,2,2,3,4,5,3,2,5,1,2,5,5,3,4,4,3,2,1,3,4,4,5,4,4,1,2,2,2,5,2,2,4,1,5,4,5,3,2,3,2,2,4,1,4,2,2,3,4,4,1,4,1,1,2,1,2,1,1,2,1,2,3.6875,3.125,3.125,2.75,3.6875,1.4,1.4,3,4,3,5,3,4.5
20,1,.2,3.125,3,4,3,2,4,2,3,5,2,3,5,4,1,4,1,2,1,3,4,5,5,3,1,3,4,5,3,5,4,3,1,3,2,1,5,3,4,3,4,2,1,2,3,4,5,1,4,3,2,2,4,1,5,3,3,3,2,2,2,4,3,4,2,1,1,3,2,4,5,4,4,5,1,4,4,2,3,2,3,4,3,1,5,4,2,4,1,1,1,3,5,5,5,3,1,3,3,4,4,1,2,2,2,3,1,2,3,2,3,1,2.9375,2.125,3.1875,3.9375,2.75,2,2.2,2,4,1,5,1.5,4.5
19,1,.2,3.6875,4,5,2,2,4,1,3,4,5,4,5,5,4,3,4,4,4,4,4,4,4,4,4,4,5,4,2,4,2,3,4,5,3,2,4,5,4,4,2,4,4,4,2,4,1,3,4,4,5,5,2,2,2,4,4,5,3,2,5,4,5,4,2,2,4,4,2,2,2,4,2,2,4,4,2,2,2,2,4,4,2,1,4,5,4,4,2,1,4,4,4,2,2,4,4,4,4,3,5,5,2,3,2,3,2,3,3,2,3,2,3.625,2.8125,2.5,3.9375,3.875,2.4,2.6,3,4,3,4,3,4
20,1,0,3.6875,4,1,2,2,5,2,3,4,2,3,5,5,2,5,2,2,4,4,3,5,4,2,3,4,4,4,2,4,2,3,3,4,2,2,5,5,5,5,2,4,4,2,3,4,1,2,2,4,3,3,2,2,4,5,1,3,3,2,5,3,4,4,1,4,5,1,4,3,3,2,5,5,4,2,2,2,5,4,2,4,3,1,5,5,3,1,2,2,4,2,2,4,4,2,5,5,4,3,3,5,1,1,2,1,3,1,1,1,2,3,4.25,2.375,2.3125,3.5,3.125,1.6,1.6,2,4,2,5,2,4.5
25,1,.6,3.3125,4,5,3,1,3,4,4,5,5,5,3,5,4,1,5,5,4,5,3,2,5,4,4,4,1,4,5,5,3,4,4,5,5,1,4,5,3,3,2,3,1,1,5,4,2,4,2,4,2,5,2,2,5,4,3,5,4,2,2,2,4,4,4,4,4,2,4,4,5,4,4,2,4,5,2,3,4,4,5,4,3,2,4,4,5,4,2,3,2,1,4,2,1,2,2,2,2,4,4,5,4,3,2,4,4,4,4,4,4,4,3.1875,3.125,3.4375,3.875,3.6875,3.4,4,4,2,4,2,4,2
18,1,.6,4.1875,4,2,4,1,4,5,5,4,5,1,4,4,5,2,2,5,5,5,5,1,2,5,5,4,5,1,4,4,1,5,5,5,4,5,4,4,5,4,2,4,2,4,4,4,5,4,5,4,4,1,2,2,2,2,2,4,5,1,5,4,4,5,4,5,4,4,5,2,5,5,5,4,2,2,2,1,4,5,1,5,5,1,5,4,5,4,2,5,2,5,5,4,5,5,5,4,5,5,5,5,2,1,2,3,1,3,3,2,2,2,3.875,3.375,3.625,3.125,4.125,1.8,2.4,4,3,3,5,3.5,4
21,2,-.4,2.9375,4,2,3,4,2,3,3,4,4,3,2,2,4,2,3,2,2,2,4,2,4,3,2,2,4,2,4,4,2,2,3,4,4,4,2,3,4,4,4,4,2,2,4,4,4,4,4,4,2,2,2,4,2,3,2,4,4,4,2,4,4,4,4,4,2,3,4,3,4,4,2,5,4,4,3,5,2,4,2,4,4,2,3,2,4,4,3,4,2,2,3,2,4,3,2,4,4,4,4,3,3,2,2,3,2,2,2,2,2,2,2.1875,3.625,3.625,3.1875,3.4375,2.4,2,2,4,2,5,2,4.5
18,2,-.2,3.8125,3,3,2,4,2,3,2,4,4,5,4,5,2,3,4,5,4,4,2,5,4,3,2,4,2,5,3,4,2,2,4,3,4,4,3,5,4,4,3,4,4,3,2,4,2,4,5,4,1,5,2,3,2,2,3,5,4,3,4,4,4,4,2,4,4,2,4,4,3,5,4,5,4,5,4,4,3,5,2,5,4,3,4,5,2,3,3,3,4,3,3,4,3,5,3,5,4,4,5,5,2,2,1,2,1,2,1,1,2,1,3.375,3.9375,3.1875,4.125,2.75,1.6,1.4,2,4,2,5,2,4.5
24,1,0,2.6875,4,5,2,3,5,3,3,4,2,3,5,3,3,5,2,3,4,3,3,4,3,3,3,2,4,5,3,4,3,3,3,5,3,4,5,5,3,5,3,4,3,1,3,3,3,3,4,2,3,5,2,3,3,3,3,4,3,4,5,5,3,5,3,4,4,1,3,4,3,3,4,2,4,5,2,1,4,3,3,5,3,4,4,5,3,5,2,3,2,1,3,4,3,3,3,1,3,3,3,3,2,2,4,3,3,2,2,4,3,3,3.8125,3.25,2.625,4.5625,3.1875,2.8,2.8, , , , , , 
20,1,0,3.75,5,4,2,2,4,3,3,4,4,4,4,4,3,5,3,3,3,3,3,4,3,2,3,4,3,2,3,4,5,4,3,5,3,4,4,4,5,4,3,3,2,4,3,4,3,3,4,4,3,2,2,3,4,3,3,4,3,3,5,4,4,4,3,3,3,4,2,3,3,4,4,5,5,3,2,2,4,3,2,3,3,2,4,4,5,3,3,3,2,3,2,2,4,3,4,4,4,4,4,4,3,2,2,3,3,2,2,3,3,3,3.6875,3,2.9375,3.5,3.375,2.6,2.6,3,4,3,4,3,4
21,2,0,3.1875,4,4,3,3,2,2,2,2,3,2,3,3,2,2,3,2,4,2,3,2,4,4,1,3,3,2,2,4,2,4,4,4,3,4,2,4,4,4,4,4,2,3,5,3,2,3,3,4,2,5,2,3,4,4,1,3,4,4,2,2,4,4,4,5,3,1,2,3,5,2,3,5,4,4,3,2,2,4,1,3,2,3,3,4,2,3,3,3,3,3,3,3,3,3,3,3,3,3,3,3,2,2,1,2,2,2,2,1,2,2,2.625,3.1875,3.125,3.1875,2.875,1.8,1.8,1,5,1,5,1,5
18,2,.2,2.25,3,3,4,4,4,2,3,4,2,2,4,1,4,3,5,4,2,1,5,2,5,5,1,4,3,3,4,5,2,2,2,3,4,5,2,2,5,4,5,5,3,3,3,1,3,5,3,4,4,3,1,2,3,1,4,4,3,4,3,1,4,4,4,4,4,2,4,2,5,5,4,3,4,2,4,5,5,2,1,5,4,4,4,2,4,1,5,5,4,2,5,1,4,5,2,4,5,5,5,4,2,3,2,2,1,2,3,2,2,2,3.125,4.3125,3.875,2.8125,3.625,2,2.2,2,4,3,5,2.5,4.5
20,1,0,4.125,5,5,5,5,2,3,5,5,5,2,4,5,3,4,4,4,2,4,3,3,4,3,5,4,2,3,5,4,4,3,4,4,4,2,4,5,5,4,3,5,4,4,3,4,3,4,5,4,4,5,3,3,4,2,3,4,4,3,3,5,5,3,2,5,5,5,2,3,4,3,5,4,5,2,5,3,4,3,4,4,3,1,5,5,5,5,4,3,4,5,5,3,4,3,5,5,5,4,5,5,3,2,1,2,1,3,2,1,2,1,4.0625,3.3125,3.875,3.8125,3.9375,1.8,1.8,4,3,3,4,3.5,3.5
19,1,-.4,4,4,4,3,3,4,4,3,4,2,1,5,4,2,4,3,2,3,4,4,3,4,3,4,5,4,5,3,4,3,3,4,4,4,2,4,5,3,4,3,4,3,5,3,3,2,3,4,3,4,4,2,1,4,3,3,4,3,1,5,4,2,4,3,3,3,4,3,3,4,2,5,4,4,3,2,2,4,4,2,4,3,1,5,4,2,3,3,3,2,4,3,3,4,3,4,4,3,4,4,5,2,1,1,1,2,1,1,1,1,1,3.875,2.375,3,3.6875,3.125,1.4,1,3,4,2,5,2.5,4.5
21,1,0,3.4375,4,4,4,3,4,2,4,3,4,2,4,3,3,3,3,3,4,2,3,4,4,2,4,3,2,4,3,4,3,4,4,4,3,1,4,5,4,4,3,3,4,2,3,4,4,4,5,4,4,4,3,3,4,3,2,4,3,1,5,2,3,4,4,2,4,3,3,3,4,2,5,4,4,4,2,2,5,4,1,3,3,2,5,5,3,3,3,2,3,4,3,4,4,2,5,5,5,4,5,5,1,1,1,2,1,1,1,1,2,1,4.25,2.375,3.375,3.6875,3.125,1.2,1.2,2,4,2,5,2,4.5
18,1,0,3.375,5,1,2,2,4,2,3,3,4,2,5,2,1,4,1,2,4,3,3,2,3,2,4,4,4,2,2,4,4,3,2,2,2,3,5,5,5,2,4,5,2,4,3,4,4,1,4,3,5,1,1,2,5,4,5,4,2,3,2,1,3,5,2,5,5,3,2,2,2,1,5,4,5,1,1,1,4,3,4,2,3,1,5,5,5,4,2,2,1,4,5,2,3,2,4,4,4,3,4,4,2,3,2,2,1,2,2,2,2,2,3.9375,2.375,2.375,2.5625,3.75,2,2,3,4,2,5,2.5,4.5
 , ,.2,4.375,5,4,2,5,4,5,3,3,5,2,5,5,4,5,4,4,4,3,3,3,4,4,4,4,4,4,1,5,5,5,3,5,5,1,5,5,5,5,3,3,4,3,4,5,2,4,4,4,5,1,1,4,5,5,4,4,5,1,4,5,2,4,2,5,5,3,1,4,2,2,5,5,5,4,1,5,5,5,5,5,4,1,5,5,4,4,3,4,4,3,5,4,3,4,5,5,5,5,5,5,2,2,2,1,1,2,2,2,2,1,4.5625,3.375,2.9375,4,3.875,1.6,1.8,3,4,3,5,3,4.5
19,2,0,1.375,3,3,1,5,1,1,2,3,2,5,1,1,5,3,2,5,2,1,3,5,5,3,1,3,5,5,1,5,1,2,1,4,4,4,1,1,3,4,3,5,1,1,5,4,1,4,1,1,3,4,1,3,2,3,1,5,4,4,5,1,4,5,2,2,3,1,3,5,4,5,2,2,4,3,2,5,4,1,3,4,3,5,1,1,3,4,1,5,3,1,5,3,3,5,1,1,5,3,2,1,2,2,2,3,4,3,3,2,2,3,1.875,4.375,2.4375,4,3.3125,2.6,2.6,3,4,2,4,2.5,4
18,2,0,2.9375,2,4,4,3,1,2,1,3,4,2,4,2,3,5,2,3,2,1,3,4,5,2,1,4,1,4,4,4,2,2,1,4,5,2,4,3,1,5,4,3,1,2,4,4,5,3,5,5,1,5,4,2,2,3,1,4,4,2,1,4,2,5,4,2,2,2,2,5,5,3,5,4,3,5,3,2,2,4,1,4,4,1,4,3,1,4,4,2,1,2,3,4,5,2,2,4,4,3,5,2,2,2,1,2,1,2,1,2,2,1,2.4375,2.375,4.125,4.3125,1.875,1.6,1.6,2,4,2,5,2,4.5
19,2,0,2.6875,4,5,2,3,2,3,4,4,2,2,5,3,3,5,1,2,4,2,4,3,2,2,2,2,2,4,3,4,2,3,5,5,5,4,4,4,3,4,2,4,3,1,4,3,1,2,4,3,3,5,2,2,4,3,4,2,2,4,2,4,2,5,1,4,4,2,3,2,2,4,3,2,2,5,2,3,3,2,5,5,3,2,4,4,4,5,2,3,2,2,4,2,2,2,2,3,3,2,2,3,1,1,1,1,1,1,1,1,1,1,3.125,2.9375,2.125,4,3.5,1,1,1,5,1,5,1,5
21,1,1,4.375,4,2,2,2,4,4,2,2,4,2,5,4,2,5,4,2,4,4,3,4,5,1,5,5,4,4,2,4,5,4,2,3,4,2,5,5,4,2,4,2,4,4,4,2,4,2,5,5,2,2,2,2,5,2,4,3,4,2,2,4,2,4,4,2,2,5,2,2,4,4,4,5,4,2,2,2,5,4,2,4,4,1,5,5,2,4,3,2,2,5,4,4,4,2,4,5,4,2,5,4,2,1,1,1,1,3,2,2,2,2,4.125,2.125,3.5,3.0625,2.9375,1.2,2.2,4,3,4,3,4,3
20,2,-.2,2.6875,2,2,4,4,4,2,1,5,2,2,5,1,3,4,2,4,2,2,4,4,5,3,2,2,1,5,2,4,2,3,4,5,2,4,4,4,1,4,4,4,2,1,4,3,1,4,2,5,4,2,1,2,2,2,4,4,2,4,5,3,2,4,2,4,4,1,4,2,4,3,2,5,4,2,2,4,2,2,1,4,4,1,5,4,1,4,2,4,2,4,4,4,4,2,2,2,4,4,4,4,2,3,3,2,2,2,3,2,2,2,2.9375,3.3125,2.6875,3.625,2.75,2.4,2.2,2,4,1,5,1.5,4.5
19,2,0,2.875,4,2,3,2,4,2,2,2,4,4,5,2,4,3,4,2,2,2,3,4,2,2,2,5,2,2,4,4,4,2,4,3,4,2,4,2,4,4,4,3,2,4,3,2,2,2,4,4,4,4,2,2,4,2,4,4,2,2,5,2,3,4,4,4,2,3,2,3,2,2,4,4,5,4,2,2,4,2,1,4,3,2,5,2,4,2,2,2,2,3,4,2,2,2,4,5,4,3,3,4,2,1,1,1,2,2,1,1,1,2,3.5625,2.4375,2.875,3.0625,3.3125,1.4,1.4,3,3,4,2,3.5,2.5
18,1,.6,3.0625,3,5,3,3,4,4,3,4,4,3,4,2,3,3,4,2,2,3,3,4,4,2,4,3,4,4,4,4,2,3,4,5,3,2,4,4,3,4,4,3,2,3,4,5,2,3,5,3,4,5,2,2,4,4,2,4,3,4,4,4,3,4,4,3,2,2,3,4,3,4,4,3,5,5,2,4,2,2,2,4,3,2,5,3,3,4,3,3,2,2,4,4,3,3,4,4,4,4,5,4,3,2,3,2,1,3,3,3,3,2,3.375,2.9375,3.1875,4.25,3.3125,2.2,2.8,3,2,5,1,4,1.5
20,1,1,2.75,2,4,2,3,5,3,1,4,2,5,5,2,3,4,1,2,5,2,4,4,1,1,5,5,2,1,2,4,5,1,2,4,3,4,5,2,3,5,3,5,5,2,4,4,1,1,5,5,1,2,2,4,5,2,1,4,2,4,5,2,4,4,2,4,5,2,4,3,2,2,5,5,2,2,1,1,3,2,1,4,1,3,5,2,4,4,2,4,5,2,4,2,1,3,5,5,5,4,5,5,3,4,2,4,2,4,4,3,5,4,4.875,3.125,1.75,3.4375,2.625,3,4,2,4,2,4,2,4
18,2,-.2,2.9375,3,2,4,4,4,3,2,3,5,3,4,2,2,4,4,4,3,3,4,4,3,2,4,3,2,2,3,4,4,4,2,3,4,2,3,3,4,2,4,4,2,3,3,4,2,4,2,4,4,2,2,2,4,4,2,3,4,2,2,3,3,4,4,4,4,3,3,4,4,3,4,3,4,2,2,2,2,1,2,4,4,2,4,2,2,2,3,3,2,3,3,3,3,2,2,3,4,4,3,4,4,4,4,3,2,4,4,3,3,2,3.125,2.9375,3.4375,3,2.8125,3.4,3.2,3,3,3,3,3,3
 ,1,-1,2.375,4,4,2,2,3,2,4,3,2,4,4,1,3,2,1,1,5,1,5,2,2,3,4,2,4,3,2,4,5,4,2,3,3,3,3,3,4,4,3,4,3,1,4,2,5,3,4,4,4,4,1,3,5,2,3,4,2,3,4,2,4,4,3,2,4,3,4,2,2,3,4,2,4,3,2,4,2,4,4,2,4,1,4,3,4,3,2,4,4,2,5,3,2,2,2,2,5,3,3,3,3,4,3,3,4,2,2,3,3,2,3.75,2.875,2.375,3,3.875,3.4,2.4,2,4,2,5,2,4.5
21,1,.4,2.875,4,3,4,4,4,2,4,4,2,3,4,3,2,3,2,2,2,2,4,4,4,2,2,3,4,4,4,4,4,2,4,3,2,2,4,4,4,4,3,2,2,2,4,3,2,3,3,4,4,2,2,2,4,2,4,3,2,2,2,4,4,3,3,2,2,3,4,4,4,2,2,3,4,2,4,4,4,2,3,2,2,2,4,4,4,2,3,2,2,2,4,4,4,2,2,4,5,4,4,2,4,3,3,2,1,4,4,2,3,2,2.9375,2.5,2.9375,3.125,3.8125,2.6,3,2,4,2,4,2,4
20,2,1,3.8125,4,4,4,3,4,4,4,3,3,2,4,2,2,2,1,2,1,3,3,2,2,1,4,5,4,1,4,4,2,5,3,4,4,3,4,2,4,3,4,4,2,3,3,2,1,2,5,5,2,3,1,3,2,4,5,4,4,4,5,3,4,3,4,2,1,4,3,2,2,2,4,5,4,3,2,2,4,4,3,3,4,1,5,4,2,3,2,3,2,3,5,2,4,2,3,5,3,4,4,4,2,2,1,2,1,2,3,3,3,2,3.25,2.5,2.875,2.75,3.4375,1.6,2.6,3,4,2,5,2.5,4.5
21,1,0,3.4375,3,2,4,4,4,3,2,2,5,4,2,3,4,1,3,4,2,4,4,3,5,2,2,3,2,1,3,4,4,4,3,2,4,3,2,4,4,4,4,4,2,2,4,4,4,4,4,4,4,2,3,3,4,4,4,4,4,3,2,4,4,4,4,4,4,3,4,4,4,4,4,5,4,4,4,4,2,1,3,4,4,4,4,4,4,2,4,3,4,4,4,2,4,3,4,3,4,4,5,4,4,2,3,2,3,4,2,3,2,3,3.125,3.5625,3.9375,2.8125,3.5625,2.8,2.8,4,4,5,2,4.5,3
21,1,0,4.375,5,2,4,3,2,5,4,2,3,2,5,5,3,4,2,1,2,4,4,4,3,1,2,4,5,1,3,4,4,5,4,2,3,1,5,5,5,4,3,2,2,3,2,4,2,1,4,4,5,1,2,3,1,5,4,4,4,1,4,4,2,4,3,1,4,4,2,3,4,2,3,4,5,2,3,1,2,5,5,3,2,1,4,5,5,4,1,1,4,3,2,2,4,1,3,5,5,3,5,4,3,2,2,3,2,3,2,2,3,2,3.1875,1.625,2.875,2.875,3.875,2.4,2.4,3,4,4,3,3.5,3.5
